row_type,scenario,method,comparison,metric,mean,median,std,min,max,positive_count,negative_count
method_metric,a1,R0,,auroc,0.9952249999999999,0.99745,0.004961885982164436,0.986575,0.998825,,
method_metric,a1,R0,,auprc,0.991403539644223,0.9970774327965742,0.01193813202963701,0.970311913457604,0.9987183192584876,,
method_metric,a1,R0,,binary_f1,0.9789247044531597,0.9778869778869779,0.0036212729747772503,0.975609756097561,0.9828009828009828,,
method_metric,a1,R0,,ufar,0.002,0.0,0.0027386127875258306,0.0,0.005,,
method_metric,a1,R0,,known_frr,0.041,0.04,0.00894427190999916,0.03,0.05,,
method_metric,a1,R0,,known_macro_f1,0.9254027285012191,0.9300714993533665,0.010984938744726216,0.911532630272742,0.9380056169545876,,
method_metric,a1,R1,,auroc,0.9951699999999999,0.9962,0.0036443192093997363,0.98895,0.997925,,
method_metric,a1,R1,,auprc,0.9897144208691291,0.9941717656862525,0.012131997331010318,0.968446237173811,0.9974784404023542,,
method_metric,a1,R1,,binary_f1,0.9770309668235593,0.9778869778869779,0.003976765724179859,0.970873786407767,0.9803921568627451,,
method_metric,a1,R1,,ufar,0.001,0.0,0.00223606797749979,0.0,0.005,,
method_metric,a1,R1,,known_frr,0.046,0.04,0.008944271909999158,0.04,0.06,,
method_metric,a1,R1,,known_macro_f1,0.9346943412773102,0.9378643255207321,0.01298595395168417,0.9127707211881605,0.9450231608142369,,
method_metric,a1,R2,,auroc,0.971125,0.9750749999999999,0.013747272456745728,0.9475,0.9836,,
method_metric,a1,R2,,auprc,0.9383125952797107,0.9355922491279053,0.029287605844867056,0.9037427159330167,0.9789031347430683,,
method_metric,a1,R2,,binary_f1,0.8936925702949254,0.9504950495049505,0.11484683922463916,0.7033639143730887,0.9732360097323601,,
method_metric,a1,R2,,ufar,0.135,0.04,0.18384776310850234,0.0,0.425,,
method_metric,a1,R2,,known_frr,0.052000000000000005,0.055,0.012549900398011134,0.03,0.06,,
method_metric,a1,R2,,known_macro_f1,0.9397107717901445,0.9372011346112551,0.012672420572222147,0.9281892555150809,0.957602244414291,,
method_metric,a1,R3,,auroc,0.947935,0.9653,0.04048693307722874,0.87565,0.96875,,
method_metric,a1,R3,,auprc,0.9109042068060458,0.9344625467679191,0.0574875639799333,0.8123489612369726,0.9538629469974931,,
method_metric,a1,R3,,binary_f1,0.7441314817202437,0.8854166666666666,0.22867903886209218,0.3816793893129771,0.9033942558746736,,
method_metric,a1,R3,,ufar,0.33399999999999996,0.15,0.280031248256333,0.135,0.75,,
method_metric,a1,R3,,known_frr,0.05500000000000001,0.06,0.013228756555322954,0.035,0.07,,
method_metric,a1,R3,,known_macro_f1,0.92510094998272,0.9295108948050391,0.014707734642227722,0.9004259962337811,0.9377824638368102,,
paired_delta,a1,,R1-R0,delta_auroc,-5.499999999998284e-05,-0.0004999999999999449,0.001465584354447067,-0.001375000000000015,0.002375000000000016,2,3
paired_delta,a1,,R1-R0,delta_auprc,-0.0016891187750939895,-0.001865676283793083,0.0011288763544433252,-0.003112362318361095,-7.054041026699487e-05,0,5
paired_delta,a1,,R1-R0,delta_binary_f1,-0.0018937376296005448,0.0,0.006648195489076821,-0.011927196393215822,0.004782400765184103,2,2
paired_delta,a1,,R1-R0,delta_ufar,-0.001,0.0,0.0022360679774997894,-0.005,0.0,0,1
paired_delta,a1,,R1-R0,delta_known_frr,0.004999999999999999,0.0,0.013228756555322952,-0.010000000000000002,0.024999999999999994,2,1
paired_delta,a1,,R1-R0,delta_known_macro_f1,0.009291612776091297,0.007017543859649256,0.018744432344209815,-0.017300778165206032,0.031938809963350634,4,1
paired_delta,a1,,R2-R0,delta_auroc,-0.02409999999999999,-0.022375000000000034,0.009681005887819736,-0.03907499999999997,-0.012099999999999889,0,5
paired_delta,a1,,R2-R0,delta_auprc,-0.05309094436451245,-0.06169187887670835,0.024964875141464348,-0.07901967554270872,-0.01472276996076749,0,5
paired_delta,a1,,R2-R0,delta_binary_f1,-0.08523213415823423,-0.03222099987776561,0.11371800819517706,-0.2745230635138892,-0.002373746365200824,0,5
paired_delta,a1,,R2-R0,delta_ufar,0.133,0.035,0.18253766734567414,0.0,0.42,3,0
paired_delta,a1,,R2-R0,delta_known_frr,0.010999999999999998,0.019999999999999997,0.019493588689617928,-0.020000000000000004,0.03,4,1
paired_delta,a1,,R2-R0,delta_known_macro_f1,0.01430804328892552,0.011694261295663755,0.014217137925595933,-0.0016653613171037085,0.035622456101090716,4,1
paired_delta,a1,,R2-R1,delta_auroc,-0.024045000000000004,-0.022500000000000075,0.010841621188733728,-0.04144999999999999,-0.011599999999999944,0,5
paired_delta,a1,,R2-R1,delta_auprc,-0.05140182558941846,-0.058579516558347255,0.0249841980065275,-0.07777979668657531,-0.012565633953852129,0,5
paired_delta,a1,,R2-R1,delta_binary_f1,-0.08333839652863369,-0.02739192838202742,0.11766702001235997,-0.2770282424896564,0.0023622233245931268,1,4
paired_delta,a1,,R2-R1,delta_ufar,0.13399999999999998,0.035,0.18450609746021945,0.0,0.425,3,0
paired_delta,a1,,R2-R1,delta_known_frr,0.005999999999999998,0.0049999999999999975,0.013874436925511607,-0.010000000000000002,0.019999999999999997,3,2
paired_delta,a1,,R2-R1,delta_known_macro_f1,0.005016430512834224,0.003683646137740082,0.00990236427254623,-0.009675070005651154,0.015635416848102324,4,1
paired_delta,a1,,R3-R2,delta_auroc,-0.023189999999999954,-0.012849999999999917,0.02743680010496852,-0.07184999999999997,-0.006549999999999945,0,5
paired_delta,a1,,R3-R2,delta_auprc,-0.02740838847366487,-0.009986874442793892,0.03679276969607402,-0.09139375469604405,-0.0011297023599862177,0,5
paired_delta,a1,,R3-R2,delta_binary_f1,-0.14956108857468178,-0.07453471103106146,0.11538090521702969,-0.3216845250601115,-0.06507838283828382,0,5
paired_delta,a1,,R3-R2,delta_ufar,0.199,0.135,0.10033693238284695,0.10999999999999999,0.325,5,0
paired_delta,a1,,R3-R2,delta_known_frr,0.0030000000000000027,0.0049999999999999975,0.005700877125495691,-0.0049999999999999975,0.010000000000000009,3,1
paired_delta,a1,,R3-R2,delta_known_macro_f1,-0.01460982180742445,-0.0176441915687936,0.012349011246061765,-0.027763259281299857,0.005354484347977473,1,4
method_metric,a2,R0,,auroc,0.8534244444444443,0.8257833333333333,0.0637564874876217,0.7939833333333333,0.9458083333333333,,
method_metric,a2,R0,,auprc,0.8924288382306143,0.8752837890204058,0.03785462068534087,0.852238429429298,0.9475827522691815,,
method_metric,a2,R0,,binary_f1,0.7979512950800978,0.7938044530493708,0.04273973252222525,0.7432567432567433,0.8615664845173042,,
method_metric,a2,R0,,ufar,0.30533333333333335,0.31666666666666665,0.060706488761727746,0.21166666666666667,0.38,,
method_metric,a2,R0,,known_frr,0.044,0.041666666666666664,0.0066248689714505996,0.03833333333333333,0.05333333333333334,,
method_metric,a2,R0,,known_macro_f1,0.9281457233154289,0.9372766193260776,0.02003037712378691,0.9041308644959355,0.9463360429774405,,
method_metric,a2,R1,,auroc,0.9273938888888887,0.9180638888888889,0.04451981523212407,0.8679111111111112,0.9850916666666667,,
method_metric,a2,R1,,auprc,0.9385713906789419,0.9285479086138646,0.026341515778416456,0.9088420151146751,0.9768601147193078,,
method_metric,a2,R1,,binary_f1,0.8517120180799754,0.8296296296296296,0.05962263605021544,0.7864734299516908,0.9440267335004177,,
method_metric,a2,R1,,ufar,0.22066666666666665,0.25333333333333335,0.10031616685925224,0.058333333333333334,0.32166666666666666,,
method_metric,a2,R1,,known_frr,0.045000000000000005,0.04666666666666667,0.008819171036881969,0.035,0.05333333333333334,,
method_metric,a2,R1,,known_macro_f1,0.9252002467461233,0.9255565127242537,0.012054415960543376,0.9111275541112016,0.9432129185553213,,
method_metric,a2,R2,,auroc,0.9622149999999999,0.9562527777777777,0.019050802837008402,0.9444388888888888,0.9852972222222222,,
method_metric,a2,R2,,auprc,0.9566126185403567,0.947381707821974,0.014665183489081333,0.9452039541275965,0.9746776463208646,,
method_metric,a2,R2,,binary_f1,0.8730267007966855,0.8408463661453542,0.05436154150575173,0.8235294117647058,0.9496644295302014,,
method_metric,a2,R2,,ufar,0.18866666666666668,0.23833333333333334,0.0871891303113206,0.056666666666666664,0.265,,
method_metric,a2,R2,,known_frr,0.043333333333333335,0.04833333333333333,0.010606601717798213,0.025,0.05,,
method_metric,a2,R2,,known_macro_f1,0.9293603391325913,0.91969632700934,0.01767590915183447,0.9161242533029784,0.9574331109419757,,
method_metric,a2,R3,,auroc,0.961455,0.9606305555555555,0.021274612054172796,0.9333666666666668,0.98365,,
method_metric,a2,R3,,auprc,0.9545469241117356,0.94822349679001,0.019164406595954937,0.9296711919436569,0.9754146907378913,,
method_metric,a2,R3,,binary_f1,0.8695763622895563,0.8506375227686703,0.07440773487023043,0.7645320197044335,0.947996589940324,,
method_metric,a2,R3,,ufar,0.19033333333333333,0.22,0.11572476926839051,0.07333333333333333,0.35333333333333333,,
method_metric,a2,R3,,known_frr,0.045,0.045,0.010274023338281629,0.028333333333333332,0.055,,
method_metric,a2,R3,,known_macro_f1,0.9226180805611619,0.9311259215288746,0.01991456556566012,0.8940839972240981,0.9431535993996862,,
paired_delta,a2,,R1-R0,delta_auroc,0.07396944444444449,0.06221944444444427,0.03091187587669256,0.03928333333333345,0.1176138888888889,5,0
paired_delta,a2,,R1-R0,delta_auprc,0.0461425524483275,0.038786373569245525,0.01847919638647534,0.029277362450126243,0.0743351887355318,5,0
paired_delta,a2,,R1-R0,delta_binary_f1,0.05376072299987764,0.045014245014245,0.019533326776935728,0.033716753359677276,0.08246024898311344,5,0
paired_delta,a2,,R1-R0,delta_ufar,-0.08466666666666667,-0.06666666666666665,0.04241658480673174,-0.15333333333333332,-0.04833333333333334,0,5
paired_delta,a2,,R1-R0,delta_known_frr,0.0010000000000000037,-0.0016666666666666635,0.006078194176270156,-0.003333333333333327,0.011666666666666672,1,3
paired_delta,a2,,R1-R0,delta_known_macro_f1,-0.0029454765693054386,-0.00312312442211915,0.020249788917835836,-0.026149065214876033,0.023890312211661713,2,3
paired_delta,a2,,R2-R0,delta_auroc,0.10879055555555557,0.13046944444444442,0.045451399079024436,0.03948888888888891,0.15171944444444452,5,0
paired_delta,a2,,R2-R0,delta_auprc,0.06418378030974234,0.06992016510719068,0.024403681155125857,0.027094894051683083,0.09310670840886859,5,0
paired_delta,a2,,R2-R0,delta_binary_f1,0.07507540571658784,0.08027266850796255,0.023382250132504,0.04704191309598349,0.1040268911897756,5,0
paired_delta,a2,,R2-R0,delta_ufar,-0.11666666666666665,-0.11499999999999999,0.03793268892247014,-0.155,-0.07833333333333331,0,5
paired_delta,a2,,R2-R0,delta_known_frr,-0.000666666666666664,0.0016666666666666705,0.00924962461700774,-0.013333333333333329,0.011666666666666672,3,2
paired_delta,a2,,R2-R0,delta_known_macro_f1,0.001214615817162712,0.010645450583985139,0.017152467468541512,-0.027809960049356763,0.013164077509893568,3,2
paired_delta,a2,,R2-R1,delta_auroc,0.03482111111111108,0.03410555555555561,0.02758835452787197,0.0002055555555554589,0.07652777777777764,5,0
paired_delta,a2,,R2-R1,delta_auprc,0.018041227861414842,0.01877151967333679,0.013656063998044633,-0.0021824683984431603,0.036361939012921396,4,1
paired_delta,a2,,R2-R1,delta_binary_f1,0.0213146827167102,0.013325159736306214,0.015818213670684797,0.005637696029783701,0.039631210242370596,5,0
paired_delta,a2,,R2-R1,delta_ufar,-0.031999999999999994,-0.02999999999999997,0.025369491739313785,-0.05833333333333332,-0.0016666666666666705,0,5
paired_delta,a2,,R2-R1,delta_known_frr,-0.0016666666666666676,-0.0050000000000000044,0.010000000000000002,-0.010000000000000002,0.013333333333333336,2,3
paired_delta,a2,,R2-R1,delta_known_macro_f1,0.004160092386468151,0.0016132553770973335,0.01544017014710318,-0.010726234701768145,0.025125508291632404,3,2
paired_delta,a2,,R3-R2,delta_auroc,-0.0007599999999999385,0.004266666666666752,0.007544759597001269,-0.012336111111110992,0.004475000000000007,3,2
paired_delta,a2,,R3-R2,delta_auprc,-0.002065694428621212,-0.0003473681850270083,0.008114903805792077,-0.015673945894509655,0.004960044144709075,2,3
paired_delta,a2,,R3-R2,delta_binary_f1,-0.003450338507129458,0.00958324439031133,0.03619186342753461,-0.058997392060272325,0.037456288788862535,3,2
paired_delta,a2,,R3-R2,delta_ufar,0.0016666666666666648,-0.016666666666666663,0.059324905768525615,-0.07,0.08833333333333332,2,3
paired_delta,a2,,R3-R2,delta_known_frr,0.0016666666666666642,0.0016666666666666635,0.00424918292799399,-0.0050000000000000044,0.006666666666666668,4,1
paired_delta,a2,,R3-R2,delta_known_macro_f1,-0.006742258571429427,-0.006720163760248865,0.013627222912292429,-0.02204025607888027,0.014455779398230839,1,4
method_metric,a3,R0,,auroc,0.9699341921308641,0.9753835481855088,0.01824525564933681,0.9427439452023816,0.9901372232348992,,
method_metric,a3,R0,,auprc,0.9662005435501456,0.9702604042902778,0.019358071563802516,0.9422124820162916,0.9911612356684705,,
method_metric,a3,R0,,binary_f1,0.9166790704033161,0.9329929802169751,0.041168031352211684,0.8493894165535957,0.9531442663378545,,
method_metric,a3,R0,,ufar,0.11025957972805933,0.09641532756489493,0.0715088625857902,0.04449938195302843,0.22620519159456118,,
method_metric,a3,R0,,known_frr,0.04894932014833127,0.049443757725587144,0.009598649522035688,0.03337453646477132,0.05686032138442522,,
method_metric,a3,R0,,known_macro_f1,0.9735443495397176,0.9742125437193901,0.005689020114529212,0.966327766762063,0.9814184032871406,,
method_metric,a3,R1,,auroc,0.9903818445455252,0.9892571365708095,0.004061493804839224,0.9855939286243603,0.9948707449108529,,
method_metric,a3,R1,,auprc,0.985621268164406,0.9814441666615695,0.007377255310997902,0.9790668459865579,0.9938053135709966,,
method_metric,a3,R1,,binary_f1,0.963398071243509,0.9652650822669104,0.009182565896049462,0.9491109748620479,0.9736680955296999,,
method_metric,a3,R1,,ufar,0.02373300370828183,0.021013597033374538,0.011138571397843078,0.016069221260815822,0.04326328800988875,,
method_metric,a3,R1,,known_frr,0.050432632880098895,0.049443757725587144,0.00938943338187043,0.03584672435105068,0.059332509270704575,,
method_metric,a3,R1,,known_macro_f1,0.9756363582245694,0.9752015800812851,0.005850355365774688,0.9695803191417974,0.9817508990838325,,
method_metric,a3,R2,,auroc,0.992982072818004,0.993374903167548,0.003009381811440006,0.987895752512296,0.9954742765641784,,
method_metric,a3,R2,,auprc,0.9867815904396497,0.988199069390035,0.006134953445948442,0.9774539693965253,0.9939317590144212,,
method_metric,a3,R2,,binary_f1,0.970918451225056,0.9721886336154776,0.003861249422071192,0.9657657657657658,0.974390243902439,,
method_metric,a3,R2,,ufar,0.0103831891223733,0.00865265760197775,0.005215086059265509,0.006180469715698393,0.018541409147095178,,
method_metric,a3,R2,,known_frr,0.04894932014833127,0.05067985166872682,0.012563239502864686,0.03337453646477132,0.06427688504326329,,
method_metric,a3,R2,,known_macro_f1,0.9724420349173053,0.9728541148369526,0.008564263079647477,0.9596391262547557,0.9810867283286001,,
method_metric,a3,R3,,auroc,0.9899601363523158,0.9915910469517067,0.004167145572752326,0.9826014811736322,0.9927423408777336,,
method_metric,a3,R3,,auprc,0.9811042958024959,0.983961686426511,0.010679663904480552,0.9627501599412933,0.9887429277369877,,
method_metric,a3,R3,,binary_f1,0.965693154577856,0.9687875150060024,0.010679988994536774,0.950186799501868,0.9768292682926829,,
method_metric,a3,R3,,ufar,0.020024721878862794,0.009888751545117428,0.0218057622459332,0.002472187886279357,0.05686032138442522,,
method_metric,a3,R3,,known_frr,0.049443757725587144,0.04697156983930779,0.010776017165737142,0.037082818294190356,0.06180469715698393,,
method_metric,a3,R3,,known_macro_f1,0.9688400455517046,0.973154655793114,0.010787815234279302,0.954920634920635,0.9814167365475555,,
paired_delta,a3,,R1-R0,delta_auroc,0.02044765241466138,0.015415267975693592,0.01614898772788338,0.004168188228535263,0.04651319136842791,5,0
paired_delta,a3,,R1-R0,delta_auprc,0.019420724614260497,0.01847346148057316,0.013847628003435648,0.002331632447234999,0.03808466447090908,5,0
paired_delta,a3,,R1-R0,delta_binary_f1,0.04671900084019278,0.04067511531272483,0.040474910813219966,0.01463688867734303,0.11587566571331476,5,0
paired_delta,a3,,R1-R0,delta_ufar,-0.08652657601977749,-0.07911001236093942,0.07010407386130649,-0.20519159456118663,-0.02843016069221261,0,5
paired_delta,a3,,R1-R0,delta_known_frr,0.0014833127317676136,0.001236093943139678,0.0010341903912658532,0.0,0.002472187886279356,4,0
paired_delta,a3,,R1-R0,delta_known_macro_f1,0.0020920086848518647,0.0,0.0033776052202059282,-0.0003308643199174677,0.007538355364442362,2,1
paired_delta,a3,,R2-R0,delta_auroc,0.02304788068713992,0.016018799629019087,0.018730428522008007,0.003237679932648785,0.05045371828975953,5,0
paired_delta,a3,,R2-R0,delta_auprc,0.02058104688950426,0.018599906923997822,0.021530857316878923,-0.006249454428944978,0.04719889114145037,4,1
paired_delta,a3,,R2-R0,delta_binary_f1,0.054239380821739805,0.04124014861738079,0.04227180375260863,0.019044367277623042,0.12500082734884332,5,0
paired_delta,a3,,R2-R0,delta_ufar,-0.09987639060568602,-0.07787391841779975,0.07019881870521066,-0.21384425216316438,-0.03831891223733004,0,5
paired_delta,a3,,R2-R0,delta_known_frr,-1.3877787807814458e-18,0.0,0.005731531826635169,-0.008652657601977753,0.0074165636588380685,2,1
paired_delta,a3,,R2-R0,delta_known_macro_f1,-0.0011023146224121926,-0.0013584288824375346,0.00438590272807252,-0.006688640507307331,0.005554283927397541,1,4
paired_delta,a3,,R2-R1,delta_auroc,0.002600228272478544,0.0006035316533254953,0.004207759902609904,-0.0009305082958864785,0.009373839729495681,4,1
paired_delta,a3,,R2-R1,delta_auprc,0.0011603222752437636,0.0001264454434246609,0.007894738878227132,-0.008581086876179977,0.00913222340347708,3,2
paired_delta,a3,,R2-R1,delta_binary_f1,0.0075203799815470205,0.0068494354635526555,0.006011030610541981,0.0005650333046559597,0.01665479090371791,5,0
paired_delta,a3,,R2-R1,delta_ufar,-0.013349814585908528,-0.009888751545117428,0.014239244254965842,-0.03708281829419036,0.001236093943139678,1,4
paired_delta,a3,,R2-R1,delta_known_frr,-0.0014833127317676151,-0.001236093943139678,0.005486363664072224,-0.009888751545117432,0.004944375772558712,2,3
paired_delta,a3,,R2-R1,delta_known_macro_f1,-0.0031943233072640577,-0.0022271014068716566,0.006464968999784877,-0.009941192887041761,0.0058851482473150085,1,4
paired_delta,a3,,R3-R2,delta_auroc,-0.0030219364656881133,-0.0033767214021492853,0.0020554654142393575,-0.005294271338663781,-0.0004553226144075051,0,5
paired_delta,a3,,R3-R2,delta_auprc,-0.005677294637153896,-0.004237382963523939,0.005273626152894539,-0.014703809455231975,-0.0010645459498577203,0,5
paired_delta,a3,,R3-R2,delta_binary_f1,-0.0052252966472000175,0.0005221001625697053,0.011424449021425823,-0.024046329332487848,0.003021749240236571,3,2
paired_delta,a3,,R3-R2,delta_ufar,0.009641532756489494,0.002472187886279357,0.017424102288100048,-0.003708281829419036,0.03831891223733004,3,2
paired_delta,a3,,R3-R2,delta_known_frr,0.0004944375772558726,-0.002472187886279356,0.005141318749835705,-0.0037082818294190342,0.008652657601977753,2,3
paired_delta,a3,,R3-R2,delta_known_macro_f1,-0.003601989365600833,0.0009862017071919915,0.009021142262670338,-0.017933479916317663,0.0037157525071646047,3,2
