method,protocol_id,true_class,predicted_class,count,true_class_support,error_rate_within_true_class
od,high_seed2022,rsync,sftp,14,191,0.07329842931937172
od,high_seed2022,rsync,ssh,1,191,0.005235602094240838
od,high_seed2022,sftp,rsync,83,166,0.5
od,high_seed2022,sftp,ssh,3,166,0.018072289156626505
od,high_seed2022,vimeo,youtube,2,121,0.01652892561983471
od,high_seed2022,vimeo,zoiper,1,121,0.008264462809917356
f0,high_seed2022,rsync,sftp,35,191,0.18324607329842932
f0,high_seed2022,rsync,ssh,1,191,0.005235602094240838
f0,high_seed2022,sftp,rsync,100,166,0.6024096385542169
f0,high_seed2022,sftp,ssh,3,166,0.018072289156626505
f0,high_seed2022,ssh,sftp,1,1356,0.0007374631268436578
f0,high_seed2022,vimeo,youtube,2,121,0.01652892561983471
f0,high_seed2022,vimeo,zoiper,1,121,0.008264462809917356
f0,high_seed2022,youtube,vimeo,1,34,0.029411764705882353
f0,high_seed2022,zoiper,ssh,1,93,0.010752688172043012
f2,high_seed2022,rsync,sftp,91,191,0.47643979057591623
f2,high_seed2022,rsync,ssh,3,191,0.015706806282722512
f2,high_seed2022,rsync,vimeo,2,191,0.010471204188481676
f2,high_seed2022,sftp,rsync,61,166,0.3674698795180723
f2,high_seed2022,sftp,ssh,3,166,0.018072289156626505
f2,high_seed2022,sftp,vimeo,1,166,0.006024096385542169
f2,high_seed2022,vimeo,rsync,1,121,0.008264462809917356
f2,high_seed2022,vimeo,ssh,1,121,0.008264462809917356
f2,high_seed2022,vimeo,youtube,4,121,0.03305785123966942
f2,high_seed2022,zoiper,ssh,1,93,0.010752688172043012
od,high_seed2023,scp,sftp,52,229,0.22707423580786026
od,high_seed2023,sftp,scp,94,166,0.5662650602409639
f0,high_seed2023,rdp,youtube,2,4,0.5
f0,high_seed2023,rdp,zoiper,1,4,0.25
f0,high_seed2023,scp,sftp,49,229,0.21397379912663755
f0,high_seed2023,sftp,scp,111,166,0.6686746987951807
f0,high_seed2023,vimeo,youtube,6,121,0.049586776859504134
f0,high_seed2023,youtube,scp,2,34,0.058823529411764705
f0,high_seed2023,youtube,vimeo,1,34,0.029411764705882353
f0,high_seed2023,zoiper,sftp,1,93,0.010752688172043012
f2,high_seed2023,rdp,scp,4,4,1.0
f2,high_seed2023,scp,youtube,1,229,0.004366812227074236
f2,high_seed2023,sftp,scp,163,166,0.9819277108433735
f2,high_seed2023,sftp,youtube,3,166,0.018072289156626505
f2,high_seed2023,vimeo,youtube,5,121,0.04132231404958678
f2,high_seed2023,youtube,scp,1,34,0.029411764705882353
f2,high_seed2023,youtube,vimeo,5,34,0.14705882352941177
f2,high_seed2023,zoiper,scp,8,93,0.08602150537634409
f2,high_seed2023,zoiper,youtube,1,93,0.010752688172043012
od,high_seed2024,netflix,skype,1,20,0.05
od,high_seed2024,netflix,youtube,4,20,0.2
od,high_seed2024,scp,sftp,27,229,0.11790393013100436
od,high_seed2024,sftp,scp,74,166,0.4457831325301205
od,high_seed2024,skype,rdp,1,126,0.007936507936507936
f0,high_seed2024,netflix,scp,1,20,0.05
f0,high_seed2024,netflix,sftp,3,20,0.15
f0,high_seed2024,netflix,youtube,16,20,0.8
f0,high_seed2024,rdp,sftp,1,4,0.25
f0,high_seed2024,rdp,skype,1,4,0.25
f0,high_seed2024,rdp,youtube,2,4,0.5
f0,high_seed2024,scp,sftp,125,229,0.5458515283842795
f0,high_seed2024,scp,youtube,2,229,0.008733624454148471
f0,high_seed2024,sftp,scp,55,166,0.3313253012048193
f0,high_seed2024,sftp,youtube,3,166,0.018072289156626505
f0,high_seed2024,skype,scp,1,126,0.007936507936507936
f0,high_seed2024,skype,sftp,18,126,0.14285714285714285
f0,high_seed2024,skype,youtube,5,126,0.03968253968253968
f0,high_seed2024,youtube,sftp,3,34,0.08823529411764706
f0,high_seed2024,youtube,skype,1,34,0.029411764705882353
f2,high_seed2024,netflix,rdp,1,20,0.05
f2,high_seed2024,netflix,skype,4,20,0.2
f2,high_seed2024,netflix,youtube,3,20,0.15
f2,high_seed2024,rdp,skype,2,4,0.5
f2,high_seed2024,scp,sftp,87,229,0.3799126637554585
f2,high_seed2024,sftp,scp,75,166,0.45180722891566266
f2,high_seed2024,skype,rdp,3,126,0.023809523809523808
f2,high_seed2024,skype,scp,2,126,0.015873015873015872
f2,high_seed2024,youtube,netflix,23,34,0.6764705882352942
f2,high_seed2024,youtube,scp,1,34,0.029411764705882353
f2,high_seed2024,youtube,sftp,2,34,0.058823529411764705
f2,high_seed2024,youtube,skype,3,34,0.08823529411764706
od,high_seed2025,rdp,skype,2,4,0.5
od,high_seed2025,rsync,scp,160,191,0.837696335078534
od,high_seed2025,rsync,ssh,2,191,0.010471204188481676
od,high_seed2025,scp,rsync,18,229,0.07860262008733625
od,high_seed2025,scp,ssh,3,229,0.013100436681222707
od,high_seed2025,ssh,skype,1,1356,0.0007374631268436578
f0,high_seed2025,netflix,scp,5,20,0.25
f0,high_seed2025,netflix,ssh,1,20,0.05
f0,high_seed2025,rdp,skype,1,4,0.25
f0,high_seed2025,rdp,ssh,1,4,0.25
f0,high_seed2025,rsync,scp,189,191,0.9895287958115183
f0,high_seed2025,rsync,ssh,2,191,0.010471204188481676
f0,high_seed2025,scp,ssh,5,229,0.021834061135371178
f0,high_seed2025,skype,rdp,1,126,0.007936507936507936
f0,high_seed2025,skype,scp,4,126,0.031746031746031744
f0,high_seed2025,ssh,skype,1,1356,0.0007374631268436578
f2,high_seed2025,netflix,scp,5,20,0.25
f2,high_seed2025,rdp,netflix,1,4,0.25
f2,high_seed2025,rdp,skype,2,4,0.5
f2,high_seed2025,rdp,ssh,1,4,0.25
f2,high_seed2025,rsync,scp,188,191,0.9842931937172775
f2,high_seed2025,rsync,ssh,3,191,0.015706806282722512
f2,high_seed2025,scp,skype,1,229,0.004366812227074236
f2,high_seed2025,scp,ssh,7,229,0.03056768558951965
f2,high_seed2025,skype,scp,1,126,0.007936507936507936
f2,high_seed2025,ssh,skype,1,1356,0.0007374631268436578
od,high_seed2026,netflix,vimeo,1,20,0.05
od,high_seed2026,rsync,ssh,4,191,0.020942408376963352
od,high_seed2026,ssh,skype,1,1356,0.0007374631268436578
od,high_seed2026,vimeo,netflix,2,121,0.01652892561983471
f0,high_seed2026,netflix,rsync,2,20,0.1
f0,high_seed2026,netflix,ssh,1,20,0.05
f0,high_seed2026,netflix,vimeo,17,20,0.85
f0,high_seed2026,rsync,ssh,11,191,0.05759162303664921
f0,high_seed2026,skype,rsync,6,126,0.047619047619047616
f0,high_seed2026,skype,ssh,10,126,0.07936507936507936
f0,high_seed2026,skype,zoiper,8,126,0.06349206349206349
f0,high_seed2026,ssh,zoiper,1,1356,0.0007374631268436578
f0,high_seed2026,vimeo,rsync,3,121,0.024793388429752067
f0,high_seed2026,vimeo,ssh,2,121,0.01652892561983471
f0,high_seed2026,vimeo,zoiper,1,121,0.008264462809917356
f0,high_seed2026,zoiper,ssh,1,93,0.010752688172043012
f2,high_seed2026,netflix,vimeo,3,20,0.15
f2,high_seed2026,netflix,zoiper,1,20,0.05
f2,high_seed2026,rsync,skype,2,191,0.010471204188481676
f2,high_seed2026,rsync,ssh,7,191,0.03664921465968586
f2,high_seed2026,skype,netflix,1,126,0.007936507936507936
f2,high_seed2026,ssh,skype,1,1356,0.0007374631268436578
f2,high_seed2026,ssh,vimeo,5,1356,0.003687315634218289
f2,high_seed2026,vimeo,netflix,6,121,0.049586776859504134
f2,high_seed2026,vimeo,zoiper,2,121,0.01652892561983471
f2,high_seed2026,zoiper,ssh,1,93,0.010752688172043012
od,low_seed2022,netflix,skype,1,20,0.05
od,low_seed2022,netflix,vimeo,1,20,0.05
od,low_seed2022,netflix,youtube,1,20,0.05
od,low_seed2022,rsync,sftp,57,191,0.29842931937172773
od,low_seed2022,rsync,ssh,1,191,0.005235602094240838
od,low_seed2022,sftp,rsync,67,166,0.4036144578313253
od,low_seed2022,sftp,ssh,2,166,0.012048192771084338
od,low_seed2022,vimeo,skype,1,121,0.008264462809917356
od,low_seed2022,vimeo,youtube,2,121,0.01652892561983471
od,low_seed2022,youtube,netflix,1,34,0.029411764705882353
od,low_seed2022,zoiper,skype,2,93,0.021505376344086023
f0,low_seed2022,netflix,skype,1,20,0.05
f0,low_seed2022,netflix,vimeo,16,20,0.8
f0,low_seed2022,netflix,zoiper,3,20,0.15
f0,low_seed2022,rsync,sftp,74,191,0.387434554973822
f0,low_seed2022,rsync,ssh,3,191,0.015706806282722512
f0,low_seed2022,rsync,zoiper,1,191,0.005235602094240838
f0,low_seed2022,sftp,rsync,74,166,0.4457831325301205
f0,low_seed2022,sftp,ssh,3,166,0.018072289156626505
f0,low_seed2022,skype,rsync,3,126,0.023809523809523808
f0,low_seed2022,skype,zoiper,7,126,0.05555555555555555
f0,low_seed2022,ssh,rsync,40,1356,0.029498525073746312
f0,low_seed2022,vimeo,skype,2,121,0.01652892561983471
f0,low_seed2022,vimeo,youtube,1,121,0.008264462809917356
f0,low_seed2022,vimeo,zoiper,2,121,0.01652892561983471
f0,low_seed2022,youtube,skype,1,34,0.029411764705882353
f0,low_seed2022,youtube,vimeo,31,34,0.9117647058823529
f0,low_seed2022,youtube,zoiper,1,34,0.029411764705882353
f0,low_seed2022,zoiper,skype,3,93,0.03225806451612903
f2,low_seed2022,netflix,skype,1,20,0.05
f2,low_seed2022,netflix,ssh,1,20,0.05
f2,low_seed2022,netflix,vimeo,1,20,0.05
f2,low_seed2022,netflix,youtube,17,20,0.85
f2,low_seed2022,rsync,sftp,69,191,0.3612565445026178
f2,low_seed2022,rsync,skype,2,191,0.010471204188481676
f2,low_seed2022,rsync,ssh,3,191,0.015706806282722512
f2,low_seed2022,sftp,rsync,75,166,0.45180722891566266
f2,low_seed2022,sftp,skype,1,166,0.006024096385542169
f2,low_seed2022,sftp,ssh,7,166,0.04216867469879518
f2,low_seed2022,skype,rsync,1,126,0.007936507936507936
f2,low_seed2022,skype,ssh,6,126,0.047619047619047616
f2,low_seed2022,vimeo,skype,2,121,0.01652892561983471
f2,low_seed2022,vimeo,ssh,1,121,0.008264462809917356
f2,low_seed2022,vimeo,youtube,3,121,0.024793388429752067
f2,low_seed2022,youtube,rsync,1,34,0.029411764705882353
f2,low_seed2022,youtube,sftp,1,34,0.029411764705882353
f2,low_seed2022,youtube,ssh,5,34,0.14705882352941177
f2,low_seed2022,youtube,vimeo,2,34,0.058823529411764705
f2,low_seed2022,youtube,zoiper,1,34,0.029411764705882353
f2,low_seed2022,zoiper,ssh,3,93,0.03225806451612903
f2,low_seed2022,zoiper,youtube,1,93,0.010752688172043012
od,low_seed2023,rsync,scp,107,191,0.5602094240837696
od,low_seed2023,rsync,sftp,16,191,0.08376963350785341
od,low_seed2023,rsync,ssh,2,191,0.010471204188481676
od,low_seed2023,scp,rsync,62,229,0.27074235807860264
od,low_seed2023,scp,sftp,42,229,0.18340611353711792
od,low_seed2023,scp,ssh,1,229,0.004366812227074236
od,low_seed2023,sftp,rsync,28,166,0.1686746987951807
od,low_seed2023,sftp,scp,62,166,0.37349397590361444
od,low_seed2023,sftp,ssh,3,166,0.018072289156626505
od,low_seed2023,vimeo,youtube,2,121,0.01652892561983471
od,low_seed2023,youtube,vimeo,1,34,0.029411764705882353
f0,low_seed2023,rdp,ssh,3,4,0.75
f0,low_seed2023,rsync,scp,143,191,0.7486910994764397
f0,low_seed2023,rsync,sftp,46,191,0.24083769633507854
f0,low_seed2023,rsync,ssh,2,191,0.010471204188481676
f0,low_seed2023,scp,sftp,56,229,0.2445414847161572
f0,low_seed2023,scp,ssh,1,229,0.004366812227074236
f0,low_seed2023,sftp,scp,91,166,0.5481927710843374
f0,low_seed2023,sftp,ssh,3,166,0.018072289156626505
f0,low_seed2023,vimeo,youtube,2,121,0.01652892561983471
f2,low_seed2023,rsync,scp,84,191,0.4397905759162304
f2,low_seed2023,rsync,sftp,28,191,0.14659685863874344
f2,low_seed2023,rsync,ssh,1,191,0.005235602094240838
f2,low_seed2023,scp,rsync,92,229,0.4017467248908297
f2,low_seed2023,scp,sftp,50,229,0.2183406113537118
f2,low_seed2023,scp,ssh,3,229,0.013100436681222707
f2,low_seed2023,sftp,rsync,45,166,0.2710843373493976
f2,low_seed2023,sftp,scp,52,166,0.3132530120481928
f2,low_seed2023,ssh,rsync,1,1356,0.0007374631268436578
f2,low_seed2023,vimeo,ssh,1,121,0.008264462809917356
f2,low_seed2023,vimeo,youtube,2,121,0.01652892561983471
f2,low_seed2023,youtube,ssh,2,34,0.058823529411764705
f2,low_seed2023,zoiper,rdp,1,93,0.010752688172043012
od,low_seed2024,netflix,skype,1,20,0.05
od,low_seed2024,netflix,youtube,3,20,0.15
od,low_seed2024,rdp,skype,3,4,0.75
od,low_seed2024,scp,sftp,21,229,0.09170305676855896
od,low_seed2024,sftp,scp,83,166,0.5
od,low_seed2024,skype,rdp,1,126,0.007936507936507936
od,low_seed2024,vimeo,youtube,1,121,0.008264462809917356
f0,low_seed2024,netflix,skype,1,20,0.05
f0,low_seed2024,netflix,vimeo,6,20,0.3
f0,low_seed2024,netflix,youtube,9,20,0.45
f0,low_seed2024,netflix,zoiper,3,20,0.15
f0,low_seed2024,rdp,skype,1,4,0.25
f0,low_seed2024,rdp,zoiper,3,4,0.75
f0,low_seed2024,scp,skype,1,229,0.004366812227074236
f0,low_seed2024,scp,zoiper,35,229,0.15283842794759825
f0,low_seed2024,sftp,scp,147,166,0.8855421686746988
f0,low_seed2024,sftp,skype,2,166,0.012048192771084338
f0,low_seed2024,sftp,zoiper,17,166,0.10240963855421686
f0,low_seed2024,skype,zoiper,20,126,0.15873015873015872
f0,low_seed2024,vimeo,zoiper,3,121,0.024793388429752067
f0,low_seed2024,youtube,netflix,2,34,0.058823529411764705
f0,low_seed2024,youtube,vimeo,14,34,0.4117647058823529
f0,low_seed2024,youtube,zoiper,6,34,0.17647058823529413
f0,low_seed2024,zoiper,scp,1,93,0.010752688172043012
f2,low_seed2024,netflix,skype,2,20,0.1
f2,low_seed2024,netflix,youtube,18,20,0.9
f2,low_seed2024,rdp,skype,1,4,0.25
f2,low_seed2024,rdp,youtube,1,4,0.25
f2,low_seed2024,rdp,zoiper,2,4,0.5
f2,low_seed2024,scp,netflix,1,229,0.004366812227074236
f2,low_seed2024,scp,sftp,106,229,0.462882096069869
f2,low_seed2024,scp,skype,1,229,0.004366812227074236
f2,low_seed2024,scp,youtube,2,229,0.008733624454148471
f2,low_seed2024,sftp,scp,65,166,0.39156626506024095
f2,low_seed2024,sftp,skype,1,166,0.006024096385542169
f2,low_seed2024,sftp,vimeo,1,166,0.006024096385542169
f2,low_seed2024,sftp,youtube,2,166,0.012048192771084338
f2,low_seed2024,skype,zoiper,3,126,0.023809523809523808
f2,low_seed2024,vimeo,youtube,1,121,0.008264462809917356
f2,low_seed2024,zoiper,vimeo,1,93,0.010752688172043012
od,low_seed2025,netflix,youtube,5,20,0.25
od,low_seed2025,rdp,skype,3,4,0.75
od,low_seed2025,rsync,scp,38,191,0.19895287958115182
od,low_seed2025,rsync,sftp,28,191,0.14659685863874344
od,low_seed2025,rsync,ssh,2,191,0.010471204188481676
od,low_seed2025,scp,rsync,135,229,0.5895196506550219
od,low_seed2025,scp,sftp,33,229,0.14410480349344978
od,low_seed2025,scp,ssh,4,229,0.017467248908296942
od,low_seed2025,sftp,rsync,54,166,0.3253012048192771
od,low_seed2025,sftp,scp,26,166,0.1566265060240964
od,low_seed2025,sftp,ssh,4,166,0.024096385542168676
od,low_seed2025,ssh,scp,1,1356,0.0007374631268436578
od,low_seed2025,ssh,skype,1,1356,0.0007374631268436578
od,low_seed2025,youtube,netflix,1,34,0.029411764705882353
od,low_seed2025,youtube,skype,1,34,0.029411764705882353
f0,low_seed2025,netflix,scp,1,20,0.05
f0,low_seed2025,netflix,sftp,3,20,0.15
f0,low_seed2025,netflix,skype,2,20,0.1
f0,low_seed2025,netflix,youtube,14,20,0.7
f0,low_seed2025,rdp,skype,3,4,0.75
f0,low_seed2025,rdp,ssh,1,4,0.25
f0,low_seed2025,rsync,scp,82,191,0.4293193717277487
f0,low_seed2025,rsync,sftp,107,191,0.5602094240837696
f0,low_seed2025,rsync,ssh,2,191,0.010471204188481676
f0,low_seed2025,scp,rsync,1,229,0.004366812227074236
f0,low_seed2025,scp,sftp,118,229,0.5152838427947598
f0,low_seed2025,scp,ssh,2,229,0.008733624454148471
f0,low_seed2025,sftp,rsync,1,166,0.006024096385542169
f0,low_seed2025,sftp,scp,44,166,0.26506024096385544
f0,low_seed2025,sftp,ssh,3,166,0.018072289156626505
f0,low_seed2025,ssh,rsync,8,1356,0.0058997050147492625
f0,low_seed2025,ssh,sftp,1,1356,0.0007374631268436578
f0,low_seed2025,ssh,skype,1,1356,0.0007374631268436578
f0,low_seed2025,youtube,scp,1,34,0.029411764705882353
f0,low_seed2025,youtube,sftp,4,34,0.11764705882352941
f0,low_seed2025,youtube,skype,4,34,0.11764705882352941
f2,low_seed2025,netflix,sftp,5,20,0.25
f2,low_seed2025,netflix,youtube,15,20,0.75
f2,low_seed2025,rdp,skype,3,4,0.75
f2,low_seed2025,rdp,ssh,1,4,0.25
f2,low_seed2025,rsync,scp,75,191,0.39267015706806285
f2,low_seed2025,rsync,sftp,97,191,0.5078534031413613
f2,low_seed2025,rsync,skype,1,191,0.005235602094240838
f2,low_seed2025,rsync,ssh,3,191,0.015706806282722512
f2,low_seed2025,scp,rsync,19,229,0.08296943231441048
f2,low_seed2025,scp,sftp,107,229,0.4672489082969432
f2,low_seed2025,scp,skype,1,229,0.004366812227074236
f2,low_seed2025,scp,ssh,7,229,0.03056768558951965
f2,low_seed2025,sftp,rsync,9,166,0.05421686746987952
f2,low_seed2025,sftp,scp,48,166,0.2891566265060241
f2,low_seed2025,sftp,ssh,9,166,0.05421686746987952
f2,low_seed2025,skype,sftp,14,126,0.1111111111111111
f2,low_seed2025,ssh,skype,1,1356,0.0007374631268436578
f2,low_seed2025,youtube,sftp,6,34,0.17647058823529413
f2,low_seed2025,youtube,skype,2,34,0.058823529411764705
od,low_seed2026,netflix,vimeo,3,20,0.15
od,low_seed2026,rdp,ssh,1,4,0.25
od,low_seed2026,rdp,zoiper,1,4,0.25
od,low_seed2026,rsync,scp,183,191,0.9581151832460733
od,low_seed2026,rsync,ssh,8,191,0.041884816753926704
od,low_seed2026,scp,ssh,4,229,0.017467248908296942
od,low_seed2026,scp,zoiper,1,229,0.004366812227074236
od,low_seed2026,skype,ssh,1,126,0.007936507936507936
od,low_seed2026,ssh,skype,1,1356,0.0007374631268436578
od,low_seed2026,vimeo,ssh,1,121,0.008264462809917356
od,low_seed2026,zoiper,ssh,1,93,0.010752688172043012
f0,low_seed2026,netflix,scp,1,20,0.05
f0,low_seed2026,rdp,skype,1,4,0.25
f0,low_seed2026,rsync,scp,185,191,0.9685863874345549
f0,low_seed2026,rsync,ssh,4,191,0.020942408376963352
f0,low_seed2026,scp,ssh,4,229,0.017467248908296942
f0,low_seed2026,scp,zoiper,1,229,0.004366812227074236
f0,low_seed2026,ssh,skype,1,1356,0.0007374631268436578
f0,low_seed2026,ssh,vimeo,1,1356,0.0007374631268436578
f0,low_seed2026,vimeo,netflix,3,121,0.024793388429752067
f0,low_seed2026,vimeo,rsync,1,121,0.008264462809917356
f0,low_seed2026,vimeo,scp,1,121,0.008264462809917356
f0,low_seed2026,zoiper,scp,1,93,0.010752688172043012
f2,low_seed2026,netflix,scp,1,20,0.05
f2,low_seed2026,netflix,vimeo,3,20,0.15
f2,low_seed2026,netflix,zoiper,1,20,0.05
f2,low_seed2026,rdp,skype,1,4,0.25
f2,low_seed2026,rdp,ssh,1,4,0.25
f2,low_seed2026,rdp,zoiper,1,4,0.25
f2,low_seed2026,rsync,scp,178,191,0.9319371727748691
f2,low_seed2026,rsync,ssh,3,191,0.015706806282722512
f2,low_seed2026,scp,rsync,6,229,0.026200873362445413
f2,low_seed2026,scp,zoiper,1,229,0.004366812227074236
f2,low_seed2026,skype,vimeo,1,126,0.007936507936507936
f2,low_seed2026,skype,zoiper,2,126,0.015873015873015872
f2,low_seed2026,ssh,scp,1,1356,0.0007374631268436578
f2,low_seed2026,ssh,skype,1,1356,0.0007374631268436578
f2,low_seed2026,vimeo,scp,3,121,0.024793388429752067
f2,low_seed2026,vimeo,zoiper,1,121,0.008264462809917356
f2,low_seed2026,zoiper,ssh,1,93,0.010752688172043012
od,medium_seed2022,netflix,ssh,1,20,0.05
od,medium_seed2022,netflix,vimeo,3,20,0.15
od,medium_seed2022,rsync,sftp,27,191,0.14136125654450263
od,medium_seed2022,rsync,ssh,1,191,0.005235602094240838
od,medium_seed2022,sftp,rsync,93,166,0.5602409638554217
od,medium_seed2022,sftp,ssh,3,166,0.018072289156626505
od,medium_seed2022,vimeo,ssh,1,121,0.008264462809917356
od,medium_seed2022,youtube,netflix,1,34,0.029411764705882353
od,medium_seed2022,youtube,vimeo,1,34,0.029411764705882353
f0,medium_seed2022,netflix,sftp,3,20,0.15
f0,medium_seed2022,netflix,vimeo,1,20,0.05
f0,medium_seed2022,netflix,youtube,2,20,0.1
f0,medium_seed2022,rsync,sftp,109,191,0.5706806282722513
f0,medium_seed2022,rsync,ssh,1,191,0.005235602094240838
f0,medium_seed2022,sftp,rsync,51,166,0.3072289156626506
f0,medium_seed2022,sftp,ssh,3,166,0.018072289156626505
f0,medium_seed2022,vimeo,netflix,2,121,0.01652892561983471
f0,medium_seed2022,vimeo,zoiper,1,121,0.008264462809917356
f0,medium_seed2022,youtube,netflix,18,34,0.5294117647058824
f0,medium_seed2022,youtube,vimeo,1,34,0.029411764705882353
f0,medium_seed2022,zoiper,rsync,1,93,0.010752688172043012
f0,medium_seed2022,zoiper,ssh,1,93,0.010752688172043012
f0,medium_seed2022,zoiper,youtube,1,93,0.010752688172043012
f2,medium_seed2022,netflix,sftp,2,20,0.1
f2,medium_seed2022,netflix,vimeo,1,20,0.05
f2,medium_seed2022,netflix,youtube,6,20,0.3
f2,medium_seed2022,netflix,zoiper,2,20,0.1
f2,medium_seed2022,rsync,sftp,96,191,0.5026178010471204
f2,medium_seed2022,rsync,ssh,1,191,0.005235602094240838
f2,medium_seed2022,sftp,rsync,53,166,0.3192771084337349
f2,medium_seed2022,sftp,ssh,4,166,0.024096385542168676
f2,medium_seed2022,ssh,rsync,1,1356,0.0007374631268436578
f2,medium_seed2022,vimeo,netflix,1,121,0.008264462809917356
f2,medium_seed2022,vimeo,youtube,2,121,0.01652892561983471
f2,medium_seed2022,vimeo,zoiper,2,121,0.01652892561983471
f2,medium_seed2022,youtube,netflix,9,34,0.2647058823529412
f2,medium_seed2022,youtube,zoiper,1,34,0.029411764705882353
f2,medium_seed2022,zoiper,sftp,1,93,0.010752688172043012
f2,medium_seed2022,zoiper,ssh,1,93,0.010752688172043012
f2,medium_seed2022,zoiper,youtube,1,93,0.010752688172043012
od,medium_seed2023,rdp,zoiper,1,4,0.25
od,medium_seed2023,rsync,scp,80,191,0.418848167539267
od,medium_seed2023,rsync,sftp,30,191,0.15706806282722513
od,medium_seed2023,scp,rsync,88,229,0.38427947598253276
od,medium_seed2023,scp,sftp,43,229,0.18777292576419213
od,medium_seed2023,sftp,rsync,45,166,0.2710843373493976
od,medium_seed2023,sftp,scp,54,166,0.3253012048192771
od,medium_seed2023,vimeo,youtube,4,121,0.03305785123966942
od,medium_seed2023,zoiper,rdp,1,93,0.010752688172043012
f0,medium_seed2023,rdp,rsync,1,4,0.25
f0,medium_seed2023,rdp,zoiper,3,4,0.75
f0,medium_seed2023,rsync,scp,83,191,0.43455497382198954
f0,medium_seed2023,scp,rsync,118,229,0.5152838427947598
f0,medium_seed2023,sftp,rsync,110,166,0.6626506024096386
f0,medium_seed2023,sftp,scp,52,166,0.3132530120481928
f0,medium_seed2023,vimeo,rsync,2,121,0.01652892561983471
f0,medium_seed2023,vimeo,youtube,2,121,0.01652892561983471
f0,medium_seed2023,vimeo,zoiper,1,121,0.008264462809917356
f0,medium_seed2023,youtube,rdp,2,34,0.058823529411764705
f0,medium_seed2023,youtube,rsync,2,34,0.058823529411764705
f0,medium_seed2023,youtube,scp,2,34,0.058823529411764705
f0,medium_seed2023,youtube,vimeo,2,34,0.058823529411764705
f0,medium_seed2023,youtube,zoiper,1,34,0.029411764705882353
f0,medium_seed2023,zoiper,rsync,1,93,0.010752688172043012
f0,medium_seed2023,zoiper,sftp,1,93,0.010752688172043012
f2,medium_seed2023,rdp,rsync,1,4,0.25
f2,medium_seed2023,rdp,zoiper,2,4,0.5
f2,medium_seed2023,rsync,scp,145,191,0.7591623036649214
f2,medium_seed2023,rsync,sftp,43,191,0.225130890052356
f2,medium_seed2023,scp,rsync,3,229,0.013100436681222707
f2,medium_seed2023,scp,sftp,55,229,0.24017467248908297
f2,medium_seed2023,sftp,scp,105,166,0.6325301204819277
f2,medium_seed2023,vimeo,sftp,2,121,0.01652892561983471
f2,medium_seed2023,vimeo,youtube,2,121,0.01652892561983471
f2,medium_seed2023,youtube,rsync,2,34,0.058823529411764705
f2,medium_seed2023,youtube,sftp,3,34,0.08823529411764706
od,medium_seed2024,netflix,skype,1,20,0.05
od,medium_seed2024,netflix,youtube,3,20,0.15
od,medium_seed2024,scp,sftp,47,229,0.2052401746724891
od,medium_seed2024,sftp,scp,100,166,0.6024096385542169
od,medium_seed2024,vimeo,youtube,1,121,0.008264462809917356
od,medium_seed2024,youtube,netflix,1,34,0.029411764705882353
f0,medium_seed2024,netflix,scp,3,20,0.15
f0,medium_seed2024,netflix,skype,1,20,0.05
f0,medium_seed2024,netflix,vimeo,16,20,0.8
f0,medium_seed2024,rdp,scp,1,4,0.25
f0,medium_seed2024,rdp,skype,1,4,0.25
f0,medium_seed2024,rdp,vimeo,2,4,0.5
f0,medium_seed2024,scp,sftp,1,229,0.004366812227074236
f0,medium_seed2024,scp,skype,8,229,0.034934497816593885
f0,medium_seed2024,scp,vimeo,2,229,0.008733624454148471
f0,medium_seed2024,sftp,scp,161,166,0.9698795180722891
f0,medium_seed2024,sftp,skype,2,166,0.012048192771084338
f0,medium_seed2024,sftp,vimeo,3,166,0.018072289156626505
f0,medium_seed2024,skype,rdp,3,126,0.023809523809523808
f0,medium_seed2024,skype,scp,15,126,0.11904761904761904
f0,medium_seed2024,skype,vimeo,5,126,0.03968253968253968
f0,medium_seed2024,vimeo,scp,2,121,0.01652892561983471
f0,medium_seed2024,vimeo,skype,1,121,0.008264462809917356
f0,medium_seed2024,youtube,scp,5,34,0.14705882352941177
f0,medium_seed2024,youtube,sftp,1,34,0.029411764705882353
f0,medium_seed2024,youtube,vimeo,28,34,0.8235294117647058
f2,medium_seed2024,netflix,scp,4,20,0.2
f2,medium_seed2024,netflix,skype,2,20,0.1
f2,medium_seed2024,netflix,vimeo,11,20,0.55
f2,medium_seed2024,netflix,youtube,3,20,0.15
f2,medium_seed2024,rdp,scp,1,4,0.25
f2,medium_seed2024,rdp,skype,3,4,0.75
f2,medium_seed2024,scp,sftp,13,229,0.056768558951965066
f2,medium_seed2024,scp,youtube,1,229,0.004366812227074236
f2,medium_seed2024,sftp,scp,157,166,0.9457831325301205
f2,medium_seed2024,skype,scp,12,126,0.09523809523809523
f2,medium_seed2024,skype,sftp,9,126,0.07142857142857142
f2,medium_seed2024,vimeo,scp,3,121,0.024793388429752067
f2,medium_seed2024,vimeo,youtube,2,121,0.01652892561983471
f2,medium_seed2024,youtube,scp,7,34,0.20588235294117646
f2,medium_seed2024,youtube,sftp,1,34,0.029411764705882353
f2,medium_seed2024,youtube,vimeo,24,34,0.7058823529411765
od,medium_seed2025,netflix,youtube,4,20,0.2
od,medium_seed2025,rdp,skype,2,4,0.5
od,medium_seed2025,rsync,scp,188,191,0.9842931937172775
od,medium_seed2025,rsync,ssh,2,191,0.010471204188481676
od,medium_seed2025,scp,ssh,4,229,0.017467248908296942
od,medium_seed2025,ssh,skype,1,1356,0.0007374631268436578
od,medium_seed2025,youtube,skype,1,34,0.029411764705882353
f0,medium_seed2025,netflix,skype,3,20,0.15
f0,medium_seed2025,netflix,ssh,7,20,0.35
f0,medium_seed2025,netflix,youtube,10,20,0.5
f0,medium_seed2025,rdp,ssh,1,4,0.25
f0,medium_seed2025,rdp,youtube,3,4,0.75
f0,medium_seed2025,rsync,scp,62,191,0.32460732984293195
f0,medium_seed2025,rsync,ssh,129,191,0.675392670157068
f0,medium_seed2025,scp,ssh,139,229,0.6069868995633187
f0,medium_seed2025,scp,youtube,2,229,0.008733624454148471
f0,medium_seed2025,skype,scp,7,126,0.05555555555555555
f0,medium_seed2025,skype,ssh,70,126,0.5555555555555556
f0,medium_seed2025,skype,youtube,19,126,0.15079365079365079
f0,medium_seed2025,ssh,scp,12,1356,0.008849557522123894
f0,medium_seed2025,ssh,skype,1,1356,0.0007374631268436578
f0,medium_seed2025,ssh,youtube,26,1356,0.019174041297935103
f0,medium_seed2025,youtube,ssh,17,34,0.5
f2,medium_seed2025,netflix,youtube,1,20,0.05
f2,medium_seed2025,rdp,skype,1,4,0.25
f2,medium_seed2025,rdp,ssh,1,4,0.25
f2,medium_seed2025,rdp,youtube,1,4,0.25
f2,medium_seed2025,rsync,scp,184,191,0.9633507853403142
f2,medium_seed2025,scp,rdp,1,229,0.004366812227074236
f2,medium_seed2025,scp,rsync,4,229,0.017467248908296942
f2,medium_seed2025,ssh,rsync,1,1356,0.0007374631268436578
f2,medium_seed2025,ssh,scp,1,1356,0.0007374631268436578
f2,medium_seed2025,ssh,skype,1,1356,0.0007374631268436578
f2,medium_seed2025,youtube,netflix,12,34,0.35294117647058826
f2,medium_seed2025,youtube,skype,1,34,0.029411764705882353
od,medium_seed2026,netflix,vimeo,2,20,0.1
od,medium_seed2026,netflix,zoiper,1,20,0.05
od,medium_seed2026,rsync,ssh,4,191,0.020942408376963352
od,medium_seed2026,ssh,skype,1,1356,0.0007374631268436578
od,medium_seed2026,zoiper,ssh,1,93,0.010752688172043012
f0,medium_seed2026,netflix,skype,2,20,0.1
f0,medium_seed2026,netflix,zoiper,1,20,0.05
f0,medium_seed2026,rdp,skype,2,4,0.5
f0,medium_seed2026,rsync,ssh,10,191,0.05235602094240838
f0,medium_seed2026,ssh,rsync,1,1356,0.0007374631268436578
f0,medium_seed2026,ssh,skype,1,1356,0.0007374631268436578
f0,medium_seed2026,vimeo,rsync,2,121,0.01652892561983471
f0,medium_seed2026,vimeo,skype,2,121,0.01652892561983471
f0,medium_seed2026,vimeo,zoiper,2,121,0.01652892561983471
f0,medium_seed2026,zoiper,skype,1,93,0.010752688172043012
f0,medium_seed2026,zoiper,ssh,1,93,0.010752688172043012
f2,medium_seed2026,netflix,vimeo,12,20,0.6
f2,medium_seed2026,netflix,zoiper,3,20,0.15
f2,medium_seed2026,rdp,skype,3,4,0.75
f2,medium_seed2026,rdp,zoiper,1,4,0.25
f2,medium_seed2026,rsync,skype,2,191,0.010471204188481676
f2,medium_seed2026,rsync,ssh,4,191,0.020942408376963352
f2,medium_seed2026,skype,rsync,1,126,0.007936507936507936
f2,medium_seed2026,skype,zoiper,8,126,0.06349206349206349
f2,medium_seed2026,ssh,rsync,5,1356,0.003687315634218289
f2,medium_seed2026,ssh,skype,1,1356,0.0007374631268436578
f2,medium_seed2026,vimeo,rsync,2,121,0.01652892561983471
f2,medium_seed2026,vimeo,skype,1,121,0.008264462809917356
f2,medium_seed2026,vimeo,zoiper,3,121,0.024793388429752067
f2,medium_seed2026,zoiper,netflix,1,93,0.010752688172043012
