method,protocol_id,setting,protocol_seed,class,local_label,precision,recall,f1,support,train_support,delta_precision_vs_od,delta_recall_vs_od,delta_f1_vs_od
od,high_seed2022,High,2022,rsync,0,0.6795366795366795,0.9214659685863874,0.7822222222222223,191,1530,0.0,0.0,0.0
f0,high_seed2022,High,2022,rsync,0,0.6078431372549019,0.8115183246073299,0.695067264573991,191,1530,-0.0716935422817776,-0.10994764397905754,-0.08715495764823122
f2,high_seed2022,High,2022,rsync,0,0.6050955414012739,0.4973821989528796,0.5459770114942528,191,1530,-0.07444113813540565,-0.4240837696335078,-0.23624521072796945
od,high_seed2022,High,2022,sftp,1,0.851063829787234,0.4819277108433735,0.6153846153846154,166,1336,0.0,0.0,0.0
f0,high_seed2022,High,2022,sftp,1,0.6363636363636364,0.3795180722891566,0.4754716981132075,166,1336,-0.2147001934235977,-0.10240963855421686,-0.13991291727140792
f2,high_seed2022,High,2022,sftp,1,0.5260416666666666,0.608433734939759,0.5642458100558659,166,1336,-0.3250221631205674,0.12650602409638556,-0.05113880532874948
od,high_seed2022,High,2022,ssh,2,0.9970588235294118,1.0,0.9985272459499264,1356,10851,0.0,0.0,0.0
f0,high_seed2022,High,2022,ssh,2,0.9963235294117648,0.9992625368731564,0.9977908689248896,1356,10851,-0.0007352941176469452,-0.0007374631268436405,-0.0007363770250368162
f2,high_seed2022,High,2022,ssh,2,0.9941348973607038,1.0,0.9970588235294118,1356,10851,-0.0029239261687079576,0.0,-0.0014684224205145924
od,high_seed2022,High,2022,vimeo,3,1.0,0.9752066115702479,0.9874476987447699,121,976,0.0,0.0,0.0
f0,high_seed2022,High,2022,vimeo,3,0.9915966386554622,0.975206611570248,0.9833333333333334,121,976,-0.008403361344537785,1.1102230246251565e-16,-0.004114365411436505
f2,high_seed2022,High,2022,vimeo,3,0.9745762711864406,0.950413223140496,0.9623430962343096,121,976,-0.025423728813559365,-0.024793388429751873,-0.025104602510460317
od,high_seed2022,High,2022,youtube,4,0.9444444444444444,1.0,0.9714285714285714,34,273,0.0,0.0,0.0
f0,high_seed2022,High,2022,youtube,4,0.9428571428571428,0.9705882352941176,0.9565217391304348,34,273,-0.0015873015873015817,-0.02941176470588236,-0.014906832298136607
f2,high_seed2022,High,2022,youtube,4,0.8947368421052632,1.0,0.9444444444444444,34,273,-0.049707602339181256,0.0,-0.026984126984127
od,high_seed2022,High,2022,zoiper,5,0.9893617021276596,1.0,0.9946524064171123,93,753,0.0,0.0,0.0
f0,high_seed2022,High,2022,zoiper,5,0.989247311827957,0.989247311827957,0.989247311827957,93,753,-0.00011439029970261583,-0.010752688172043001,-0.005405094589155279
f2,high_seed2022,High,2022,zoiper,5,1.0,0.989247311827957,0.9945945945945946,93,753,0.010638297872340385,-0.010752688172043001,-5.7811822517628286e-05
od,high_seed2023,High,2023,rdp,0,1.0,1.0,1.0,4,36,0.0,0.0,0.0
f0,high_seed2023,High,2023,rdp,0,1.0,0.25,0.4,4,36,0.0,-0.75,-0.6
f2,high_seed2023,High,2023,rdp,0,0.0,0.0,0.0,4,36,-1.0,-1.0,-1.0
od,high_seed2023,High,2023,scp,1,0.6531365313653137,0.7729257641921398,0.708,229,1832,0.0,0.0,0.0
f0,high_seed2023,High,2023,scp,1,0.6143344709897611,0.7860262008733624,0.6896551724137931,229,1832,-0.03880206037555256,0.013100436681222627,-0.018344827586206813
f2,high_seed2023,High,2023,scp,1,0.5643564356435643,0.9956331877729258,0.7203791469194313,229,1832,-0.08878009572174939,0.222707423580786,0.012379146919431316
od,high_seed2023,High,2023,sftp,2,0.5806451612903226,0.43373493975903615,0.496551724137931,166,1336,0.0,0.0,0.0
f0,high_seed2023,High,2023,sftp,2,0.5238095238095238,0.3313253012048193,0.4059040590405904,166,1336,-0.056835637480798784,-0.10240963855421686,-0.09064766509734062
f2,high_seed2023,High,2023,sftp,2,0.0,0.0,0.0,166,1336,-0.5806451612903226,-0.43373493975903615,-0.496551724137931
od,high_seed2023,High,2023,vimeo,3,1.0,1.0,1.0,121,976,0.0,0.0,0.0
f0,high_seed2023,High,2023,vimeo,3,0.9913793103448276,0.950413223140496,0.9704641350210972,121,976,-0.008620689655172376,-0.04958677685950397,-0.029535864978902815
f2,high_seed2023,High,2023,vimeo,3,0.9586776859504132,0.9586776859504132,0.9586776859504132,121,976,-0.04132231404958675,-0.04132231404958675,-0.04132231404958675
od,high_seed2023,High,2023,youtube,4,1.0,1.0,1.0,34,273,0.0,0.0,0.0
f0,high_seed2023,High,2023,youtube,4,0.7948717948717948,0.9117647058823528,0.8493150684931507,34,273,-0.20512820512820518,-0.08823529411764719,-0.15068493150684925
f2,high_seed2023,High,2023,youtube,4,0.7368421052631579,0.8235294117647058,0.7777777777777778,34,273,-0.26315789473684215,-0.17647058823529416,-0.2222222222222222
od,high_seed2023,High,2023,zoiper,5,1.0,1.0,1.0,93,753,0.0,0.0,0.0
f0,high_seed2023,High,2023,zoiper,5,0.989247311827957,0.989247311827957,0.989247311827957,93,753,-0.010752688172043001,-0.010752688172043001,-0.010752688172043001
f2,high_seed2023,High,2023,zoiper,5,1.0,0.9032258064516128,0.9491525423728812,93,753,0.0,-0.09677419354838723,-0.05084745762711884
od,high_seed2024,High,2024,netflix,0,1.0,0.75,0.8571428571428571,20,165,0.0,0.0,0.0
f0,high_seed2024,High,2024,netflix,0,0.0,0.0,0.0,20,165,-1.0,-0.75,-0.8571428571428571
f2,high_seed2024,High,2024,netflix,0,0.3428571428571428,0.6,0.4363636363636363,20,165,-0.6571428571428573,-0.15000000000000002,-0.4207792207792208
od,high_seed2024,High,2024,rdp,1,0.8,1.0,0.8888888888888888,4,36,0.0,0.0,0.0
f0,high_seed2024,High,2024,rdp,1,0.0,0.0,0.0,4,36,-0.8,-1.0,-0.8888888888888888
f2,high_seed2024,High,2024,rdp,1,0.3333333333333333,0.5,0.4,4,36,-0.46666666666666673,-0.5,-0.4888888888888888
od,high_seed2024,High,2024,scp,2,0.7318840579710145,0.8820960698689956,0.8,229,1832,0.0,0.0,0.0
f0,high_seed2024,High,2024,scp,2,0.6415094339622641,0.445414847161572,0.5257731958762887,229,1832,-0.0903746240087504,-0.4366812227074236,-0.27422680412371137
f2,high_seed2024,High,2024,scp,2,0.6454545454545455,0.6200873362445415,0.6325167037861916,229,1832,-0.08642951251646902,-0.2620087336244541,-0.16748329621380842
od,high_seed2024,High,2024,sftp,3,0.773109243697479,0.5542168674698795,0.6456140350877193,166,1336,0.0,0.0,0.0
f0,high_seed2024,High,2024,sftp,3,0.4186046511627907,0.6506024096385542,0.5094339622641509,166,1336,-0.3545045925346883,0.09638554216867468,-0.13618007282356837
f2,high_seed2024,High,2024,sftp,3,0.5055555555555555,0.5481927710843374,0.5260115606936416,166,1336,-0.2675536881419235,-0.0060240963855421326,-0.11960247439407767
od,high_seed2024,High,2024,skype,4,0.9920634920634921,0.9920634920634921,0.9920634920634921,126,1017,0.0,0.0,0.0
f0,high_seed2024,High,2024,skype,4,0.9807692307692308,0.8095238095238095,0.8869565217391304,126,1017,-0.011294261294261254,-0.18253968253968256,-0.10510697032436167
f2,high_seed2024,High,2024,skype,4,0.9307692307692308,0.9603174603174603,0.9453125,126,1017,-0.0612942612942613,-0.031746031746031744,-0.04675099206349209
od,high_seed2024,High,2024,youtube,5,0.8947368421052632,1.0,0.9444444444444444,34,273,0.0,0.0,0.0
f0,high_seed2024,High,2024,youtube,5,0.5172413793103449,0.8823529411764706,0.6521739130434783,34,273,-0.3774954627949183,-0.11764705882352944,-0.29227053140096615
f2,high_seed2024,High,2024,youtube,5,0.625,0.1470588235294117,0.2380952380952381,34,273,-0.26973684210526316,-0.8529411764705883,-0.7063492063492063
od,high_seed2025,High,2025,netflix,0,1.0,1.0,1.0,20,165,0.0,0.0,0.0
f0,high_seed2025,High,2025,netflix,0,1.0,0.7,0.8235294117647058,20,165,0.0,-0.30000000000000004,-0.17647058823529416
f2,high_seed2025,High,2025,netflix,0,0.9375,0.75,0.8333333333333334,20,165,-0.0625,-0.25,-0.16666666666666663
od,high_seed2025,High,2025,rdp,1,1.0,0.5,0.6666666666666666,4,36,0.0,0.0,0.0
f0,high_seed2025,High,2025,rdp,1,0.6666666666666666,0.5,0.5714285714285715,4,36,-0.33333333333333337,0.0,-0.09523809523809512
f2,high_seed2025,High,2025,rdp,1,0.0,0.0,0.0,4,36,-1.0,-0.5,-0.6666666666666666
od,high_seed2025,High,2025,rsync,2,0.6170212765957447,0.1518324607329843,0.24369747899159663,191,1530,0.0,0.0,0.0
f0,high_seed2025,High,2025,rsync,2,0.0,0.0,0.0,191,1530,-0.6170212765957447,-0.1518324607329843,-0.24369747899159663
f2,high_seed2025,High,2025,rsync,2,0.0,0.0,0.0,191,1530,-0.6170212765957447,-0.1518324607329843,-0.24369747899159663
od,high_seed2025,High,2025,scp,3,0.5652173913043478,0.9082969432314411,0.6968174204355109,229,1832,0.0,0.0,0.0
f0,high_seed2025,High,2025,scp,3,0.5308056872037915,0.9781659388646288,0.6881720430107527,229,1832,-0.03441170410055627,0.06986899563318771,-0.008645377424758127
f2,high_seed2025,High,2025,scp,3,0.5325301204819277,0.965065502183406,0.686335403726708,229,1832,-0.03268727082242007,0.056768558951964976,-0.010482016708802888
od,high_seed2025,High,2025,skype,4,0.9767441860465116,1.0,0.9882352941176471,126,1017,0.0,0.0,0.0
f0,high_seed2025,High,2025,skype,4,0.983739837398374,0.9603174603174603,0.9718875502008032,126,1017,0.00699565135186242,-0.03968253968253965,-0.016347743916843904
f2,high_seed2025,High,2025,skype,4,0.9689922480620154,0.992063492063492,0.9803921568627452,126,1017,-0.007751937984496138,-0.00793650793650802,-0.007843137254901933
od,high_seed2025,High,2025,ssh,5,0.9963235294117647,0.9992625368731564,0.9977908689248896,1356,10851,0.0,0.0,0.0
f0,high_seed2025,High,2025,ssh,5,0.9934017595307918,0.9992625368731564,0.9963235294117648,1356,10851,-0.0029217698809729242,0.0,-0.0014673395131247213
f2,high_seed2025,High,2025,ssh,5,0.9919472913616398,0.9992625368731564,0.9955914768552534,1356,10851,-0.004376238050124881,0.0,-0.0021993920696361524
od,high_seed2026,High,2026,netflix,0,0.9047619047619048,0.95,0.926829268292683,20,165,0.0,0.0,0.0
f0,high_seed2026,High,2026,netflix,0,0.0,0.0,0.0,20,165,-0.9047619047619048,-0.95,-0.926829268292683
f2,high_seed2026,High,2026,netflix,0,0.6956521739130435,0.8,0.7441860465116279,20,165,-0.2091097308488613,-0.1499999999999999,-0.18264322178105508
od,high_seed2026,High,2026,rsync,1,1.0,0.9790575916230366,0.9894179894179894,191,1530,0.0,0.0,0.0
f0,high_seed2026,High,2026,rsync,1,0.9424083769633508,0.9424083769633508,0.9424083769633508,191,1530,-0.05759162303664922,-0.03664921465968585,-0.04700961245463864
f2,high_seed2026,High,2026,rsync,1,1.0,0.9528795811518324,0.9758713136729222,191,1530,0.0,-0.02617801047120427,-0.013546675745067183
od,high_seed2026,High,2026,skype,2,0.9921259842519685,1.0,0.9960474308300395,126,1017,0.0,0.0,0.0
f0,high_seed2026,High,2026,skype,2,1.0,0.8095238095238095,0.8947368421052632,126,1017,0.007874015748031482,-0.19047619047619047,-0.10131058872477638
f2,high_seed2026,High,2026,skype,2,0.9765625,0.992063492063492,0.9842519685039368,126,1017,-0.015563484251968518,-0.00793650793650802,-0.011795462326102735
od,high_seed2026,High,2026,ssh,3,0.9970566593083149,0.9992625368731564,0.998158379373849,1356,10851,0.0,0.0,0.0
f0,high_seed2026,High,2026,ssh,3,0.9818840579710144,0.9992625368731564,0.990497076023392,1356,10851,-0.015172601337300473,0.0,-0.007661303350457005
f2,high_seed2026,High,2026,ssh,3,0.9941089837997056,0.995575221238938,0.9948415622697128,1356,10851,-0.0029476755086093043,-0.0036873156342183133,-0.003316817104136227
od,high_seed2026,High,2026,vimeo,4,0.9916666666666667,0.9834710743801653,0.9875518672199171,121,976,0.0,0.0,0.0
f0,high_seed2026,High,2026,vimeo,4,0.8712121212121212,0.950413223140496,0.9090909090909092,121,976,-0.12045454545454548,-0.03305785123966931,-0.07846095812900789
f2,high_seed2026,High,2026,vimeo,4,0.9338842975206612,0.9338842975206612,0.9338842975206612,121,976,-0.05778236914600554,-0.04958677685950419,-0.0536675696992559
od,high_seed2026,High,2026,zoiper,5,1.0,1.0,1.0,93,753,0.0,0.0,0.0
f0,high_seed2026,High,2026,zoiper,5,0.9019607843137256,0.989247311827957,0.9435897435897436,93,753,-0.09803921568627438,-0.010752688172043001,-0.05641025641025643
f2,high_seed2026,High,2026,zoiper,5,0.968421052631579,0.989247311827957,0.9787234042553192,93,753,-0.03157894736842104,-0.010752688172043001,-0.02127659574468077
od,low_seed2022,Low,2022,netflix,0,0.9444444444444444,0.85,0.8947368421052632,20,165,0.0,0.0,0.0
f0,low_seed2022,Low,2022,netflix,0,0.0,0.0,0.0,20,165,-0.9444444444444444,-0.85,-0.8947368421052632
f2,low_seed2022,Low,2022,netflix,0,0.0,0.0,0.0,20,165,-0.9444444444444444,-0.85,-0.8947368421052632
od,low_seed2022,Low,2022,rsync,1,0.665,0.6963350785340314,0.680306905370844,191,1530,0.0,0.0,0.0
f0,low_seed2022,Low,2022,rsync,1,0.4913043478260869,0.5916230366492147,0.5368171021377672,191,1530,-0.17369565217391314,-0.10471204188481675,-0.1434898032330768
f2,low_seed2022,Low,2022,rsync,1,0.6030927835051546,0.612565445026178,0.6077922077922078,191,1530,-0.06190721649484543,-0.08376963350785338,-0.07251469757863627
od,low_seed2022,Low,2022,sftp,2,0.6298701298701299,0.5843373493975904,0.60625,166,1336,0.0,0.0,0.0
f0,low_seed2022,Low,2022,sftp,2,0.5460122699386503,0.536144578313253,0.541033434650456,166,1336,-0.08385785993147965,-0.048192771084337394,-0.06521656534954401
f2,low_seed2022,Low,2022,sftp,2,0.5424836601307189,0.5,0.5203761755485894,166,1336,-0.087386469739411,-0.08433734939759041,-0.08587382445141056
od,low_seed2022,Low,2022,skype,3,0.9692307692307692,1.0,0.984375,126,1017,0.0,0.0,0.0
f0,low_seed2022,Low,2022,skype,3,0.943089430894309,0.9206349206349206,0.931726907630522,126,1017,-0.026141338336460263,-0.07936507936507942,-0.05264809236947798
f2,low_seed2022,Low,2022,skype,3,0.952,0.9444444444444444,0.9482071713147412,126,1017,-0.01723076923076927,-0.05555555555555558,-0.03616782868525881
od,low_seed2022,Low,2022,ssh,4,0.9977924944812362,1.0,0.9988950276243094,1356,10851,0.0,0.0,0.0
f0,low_seed2022,Low,2022,ssh,4,0.9954614220877458,0.9705014749262536,0.982823002240478,1356,10851,-0.0023310723934903965,-0.029498525073746396,-0.016072025383831345
f2,low_seed2022,Low,2022,ssh,4,0.9811866859623734,1.0,0.9905040175310446,1356,10851,-0.01660580851886284,0.0,-0.008391010093264817
od,low_seed2022,Low,2022,vimeo,5,0.9915966386554622,0.9752066115702479,0.9833333333333333,121,976,0.0,0.0,0.0
f0,low_seed2022,Low,2022,vimeo,5,0.7116564417177914,0.9586776859504132,0.8169014084507042,121,976,-0.2799401969376708,-0.016528925619834656,-0.16643192488262903
f2,low_seed2022,Low,2022,vimeo,5,0.9745762711864406,0.950413223140496,0.9623430962343096,121,976,-0.01702036746902158,-0.024793388429751873,-0.0209902370990237
od,low_seed2022,Low,2022,youtube,6,0.9166666666666666,0.9705882352941176,0.9428571428571428,34,273,0.0,0.0,0.0
f0,low_seed2022,Low,2022,youtube,6,0.5,0.0294117647058823,0.0555555555555555,34,273,-0.41666666666666663,-0.9411764705882354,-0.8873015873015874
f2,low_seed2022,Low,2022,youtube,6,0.5333333333333333,0.7058823529411765,0.6075949367088608,34,273,-0.3833333333333333,-0.2647058823529411,-0.33526220614828206
od,low_seed2022,Low,2022,zoiper,7,1.0,0.978494623655914,0.9891304347826086,93,753,0.0,0.0,0.0
f0,low_seed2022,Low,2022,zoiper,7,0.8653846153846154,0.967741935483871,0.9137055837563453,93,753,-0.13461538461538458,-0.010752688172043001,-0.0754248510262634
f2,low_seed2022,Low,2022,zoiper,7,0.9888888888888888,0.956989247311828,0.9726775956284154,93,753,-0.011111111111111183,-0.021505376344086002,-0.016452839154193266
od,low_seed2023,Low,2023,rdp,0,1.0,1.0,1.0,4,36,0.0,0.0,0.0
f0,low_seed2023,Low,2023,rdp,0,1.0,0.25,0.4,4,36,0.0,-0.75,-0.6
f2,low_seed2023,Low,2023,rdp,0,0.8,1.0,0.888888888888889,4,36,-0.19999999999999996,0.0,-0.11111111111111105
od,low_seed2023,Low,2023,rsync,1,0.4230769230769231,0.34554973821989526,0.3804034582132565,191,1530,0.0,0.0,0.0
f0,low_seed2023,Low,2023,rsync,1,0.0,0.0,0.0,191,1530,-0.4230769230769231,-0.34554973821989526,-0.3804034582132565
f2,low_seed2023,Low,2023,rsync,1,0.3611111111111111,0.4083769633507853,0.3832923832923833,191,1530,-0.06196581196581197,0.06282722513089006,0.002888925079126803
od,low_seed2023,Low,2023,scp,2,0.4232081911262799,0.5414847161572053,0.47509578544061304,229,1832,0.0,0.0,0.0
f0,low_seed2023,Low,2023,scp,2,0.4236453201970443,0.7510917030567685,0.5417322834645669,229,1832,0.0004371290707644304,0.20960698689956325,0.06663649802395388
f2,low_seed2023,Low,2023,scp,2,0.3818181818181818,0.3668122270742358,0.3741648106904232,229,1832,-0.04139000930809811,-0.1746724890829695,-0.10093097475018986
od,low_seed2023,Low,2023,sftp,3,0.5572519083969466,0.4397590361445783,0.49158249158249157,166,1336,0.0,0.0,0.0
f0,low_seed2023,Low,2023,sftp,3,0.4137931034482758,0.4337349397590361,0.4235294117647059,166,1336,-0.1434588049486708,-0.006024096385542188,-0.06805307981778569
f2,low_seed2023,Low,2023,sftp,3,0.4693877551020408,0.4156626506024096,0.4408945686900958,166,1336,-0.08786415329490582,-0.024096385542168697,-0.050687922892395765
od,low_seed2023,Low,2023,ssh,4,0.9955947136563876,1.0,0.9977924944812362,1356,10851,0.0,0.0,0.0
f0,low_seed2023,Low,2023,ssh,4,0.9934065934065934,1.0,0.9966923925027564,1356,10851,-0.002188120249794201,0.0,-0.0011001019784797617
f2,low_seed2023,Low,2023,ssh,4,0.9948604992657856,0.9992625368731564,0.997056659308315,1356,10851,-0.0007342143906020615,-0.0007374631268436405,-0.0007358351729211954
od,low_seed2023,Low,2023,vimeo,5,0.9916666666666667,0.9834710743801653,0.9875518672199171,121,976,0.0,0.0,0.0
f0,low_seed2023,Low,2023,vimeo,5,1.0,0.9834710743801652,0.9916666666666668,121,976,0.008333333333333304,-1.1102230246251565e-16,0.004114799446749751
f2,low_seed2023,Low,2023,vimeo,5,1.0,0.975206611570248,0.98744769874477,121,976,0.008333333333333304,-0.008264462809917328,-0.00010416847514704841
od,low_seed2023,Low,2023,youtube,6,0.9428571428571428,0.9705882352941176,0.9565217391304348,34,273,0.0,0.0,0.0
f0,low_seed2023,Low,2023,youtube,6,0.9444444444444444,1.0,0.9714285714285714,34,273,0.0015873015873015817,0.02941176470588236,0.014906832298136607
f2,low_seed2023,Low,2023,youtube,6,0.9411764705882352,0.9411764705882352,0.9411764705882352,34,273,-0.001680672268907668,-0.02941176470588247,-0.015345268542199642
od,low_seed2023,Low,2023,zoiper,7,1.0,1.0,1.0,93,753,0.0,0.0,0.0
f0,low_seed2023,Low,2023,zoiper,7,1.0,1.0,1.0,93,753,0.0,0.0,0.0
f2,low_seed2023,Low,2023,zoiper,7,1.0,0.989247311827957,0.9945945945945946,93,753,0.0,-0.010752688172043001,-0.00540540540540535
od,low_seed2024,Low,2024,netflix,0,1.0,0.8,0.8888888888888888,20,165,0.0,0.0,0.0
f0,low_seed2024,Low,2024,netflix,0,0.3333333333333333,0.05,0.0869565217391304,20,165,-0.6666666666666667,-0.75,-0.8019323671497585
f2,low_seed2024,Low,2024,netflix,0,0.0,0.0,0.0,20,165,-1.0,-0.8,-0.8888888888888888
od,low_seed2024,Low,2024,rdp,1,0.5,0.25,0.3333333333333333,4,36,0.0,0.0,0.0
f0,low_seed2024,Low,2024,rdp,1,0.0,0.0,0.0,4,36,-0.5,-0.25,-0.3333333333333333
f2,low_seed2024,Low,2024,rdp,1,0.0,0.0,0.0,4,36,-0.5,-0.25,-0.3333333333333333
od,low_seed2024,Low,2024,scp,2,0.7147766323024055,0.9082969432314411,0.8,229,1832,0.0,0.0,0.0
f0,low_seed2024,Low,2024,scp,2,0.5659824046920822,0.8427947598253275,0.6771929824561405,229,1832,-0.14879422761032335,-0.06550218340611358,-0.12280701754385959
f2,low_seed2024,Low,2024,scp,2,0.6467391304347826,0.519650655021834,0.5762711864406779,229,1832,-0.06803750186762292,-0.388646288209607,-0.22372881355932217
od,low_seed2024,Low,2024,sftp,3,0.7980769230769231,0.5,0.6148148148148148,166,1336,0.0,0.0,0.0
f0,low_seed2024,Low,2024,sftp,3,0.0,0.0,0.0,166,1336,-0.7980769230769231,-0.5,-0.6148148148148148
f2,low_seed2024,Low,2024,sftp,3,0.4778325123152709,0.5843373493975904,0.5257452574525746,166,1336,-0.3202444107616522,0.08433734939759041,-0.0890695573622402
od,low_seed2024,Low,2024,skype,4,0.9689922480620154,0.9920634920634921,0.9803921568627451,126,1017,0.0,0.0,0.0
f0,low_seed2024,Low,2024,skype,4,0.954954954954955,0.8412698412698413,0.8945147679324894,126,1017,-0.014037293107060478,-0.1507936507936508,-0.08587738893025565
f2,low_seed2024,Low,2024,skype,4,0.9609375,0.9761904761904762,0.968503937007874,126,1017,-0.008054748062015449,-0.015873015873015928,-0.011888219854871096
od,low_seed2024,Low,2024,vimeo,5,1.0,0.9917355371900827,0.995850622406639,121,976,0.0,0.0,0.0
f0,low_seed2024,Low,2024,vimeo,5,0.855072463768116,0.975206611570248,0.911196911196911,121,976,-0.14492753623188404,-0.016528925619834656,-0.08465371120972798
f2,low_seed2024,Low,2024,vimeo,5,0.9836065573770492,0.9917355371900828,0.9876543209876544,121,976,-0.016393442622950838,1.1102230246251565e-16,-0.008196301418984642
od,low_seed2024,Low,2024,youtube,6,0.8947368421052632,1.0,0.9444444444444444,34,273,0.0,0.0,0.0
f0,low_seed2024,Low,2024,youtube,6,0.5714285714285714,0.3529411764705882,0.4363636363636363,34,273,-0.32330827067669177,-0.6470588235294118,-0.5080808080808081
f2,low_seed2024,Low,2024,youtube,6,0.5862068965517241,1.0,0.7391304347826086,34,273,-0.3085299455535391,0.0,-0.20531400966183577
od,low_seed2024,Low,2024,zoiper,7,1.0,1.0,1.0,93,753,0.0,0.0,0.0
f0,low_seed2024,Low,2024,zoiper,7,0.5139664804469274,0.989247311827957,0.6764705882352942,93,753,-0.4860335195530726,-0.010752688172043001,-0.32352941176470584
f2,low_seed2024,Low,2024,zoiper,7,0.9484536082474226,0.989247311827957,0.968421052631579,93,753,-0.05154639175257736,-0.010752688172043001,-0.03157894736842104
od,low_seed2025,Low,2025,netflix,0,0.9375,0.75,0.8333333333333334,20,165,0.0,0.0,0.0
f0,low_seed2025,Low,2025,netflix,0,0.0,0.0,0.0,20,165,-0.9375,-0.75,-0.8333333333333334
f2,low_seed2025,Low,2025,netflix,0,0.0,0.0,0.0,20,165,-0.9375,-0.75,-0.8333333333333334
od,low_seed2025,Low,2025,rdp,1,1.0,0.25,0.4,4,36,0.0,0.0,0.0
f0,low_seed2025,Low,2025,rdp,1,0.0,0.0,0.0,4,36,-1.0,-0.25,-0.4
f2,low_seed2025,Low,2025,rdp,1,0.0,0.0,0.0,4,36,-1.0,-0.25,-0.4
od,low_seed2025,Low,2025,rsync,2,0.3942307692307692,0.643979057591623,0.48906560636182905,191,1530,0.0,0.0,0.0
f0,low_seed2025,Low,2025,rsync,2,0.0,0.0,0.0,191,1530,-0.3942307692307692,-0.643979057591623,-0.48906560636182905
f2,low_seed2025,Low,2025,rsync,2,0.3488372093023256,0.0785340314136125,0.1282051282051282,191,1530,-0.04539355992844363,-0.5654450261780105,-0.36086047815670086
od,low_seed2025,Low,2025,scp,3,0.4672131147540984,0.24890829694323144,0.3247863247863248,229,1832,0.0,0.0,0.0
f0,low_seed2025,Low,2025,scp,3,0.4576271186440678,0.4716157205240174,0.464516129032258,229,1832,-0.009585996110030581,0.22270742358078596,0.13972980424593318
f2,low_seed2025,Low,2025,scp,3,0.4357798165137614,0.4148471615720524,0.4250559284116331,229,1832,-0.03143329824033697,0.165938864628821,0.10026960362530829
od,low_seed2025,Low,2025,sftp,4,0.5734265734265734,0.4939759036144578,0.5307443365695793,166,1336,0.0,0.0,0.0
f0,low_seed2025,Low,2025,sftp,4,0.3361823361823361,0.7108433734939759,0.4564796905222437,166,1336,-0.23724423724423732,0.21686746987951805,-0.07426464604733563
f2,low_seed2025,Low,2025,sftp,4,0.303951367781155,0.6024096385542169,0.404040404040404,166,1336,-0.26947520564541844,0.10843373493975911,-0.12670393252917533
od,low_seed2025,Low,2025,skype,5,0.9618320610687023,1.0,0.980544747081712,126,1017,0.0,0.0,0.0
f0,low_seed2025,Low,2025,skype,5,0.9264705882352942,1.0,0.9618320610687024,126,1017,-0.03536147283340818,0.0,-0.018712686013009572
f2,low_seed2025,Low,2025,skype,5,0.9333333333333332,0.8888888888888888,0.9105691056910568,126,1017,-0.0284987277353691,-0.11111111111111116,-0.06997564139065526
od,low_seed2025,Low,2025,ssh,6,0.9926686217008798,0.9985250737463127,0.9955882352941177,1356,10851,0.0,0.0,0.0
f0,low_seed2025,Low,2025,ssh,6,0.9940915805022156,0.9926253687315634,0.9933579335793358,1356,10851,0.0014229588013358052,-0.005899705014749346,-0.0022303017147818904
f2,low_seed2025,Low,2025,ssh,6,0.9854545454545456,0.9992625368731564,0.9923105089710728,1356,10851,-0.007214076246334189,0.0007374631268436405,-0.003277726323044905
od,low_seed2025,Low,2025,youtube,7,0.8648648648648649,0.9411764705882353,0.9014084507042254,34,273,0.0,0.0,0.0
f0,low_seed2025,Low,2025,youtube,7,0.6410256410256411,0.7352941176470589,0.6849315068493151,34,273,-0.22383922383922383,-0.2058823529411764,-0.21647694385491023
f2,low_seed2025,Low,2025,youtube,7,0.6341463414634146,0.7647058823529411,0.6933333333333332,34,273,-0.23071852340145027,-0.17647058823529416,-0.20807511737089213
od,low_seed2026,Low,2026,netflix,0,1.0,0.85,0.918918918918919,20,165,0.0,0.0,0.0
f0,low_seed2026,Low,2026,netflix,0,0.8636363636363636,0.95,0.9047619047619048,20,165,-0.13636363636363635,0.09999999999999998,-0.014157014157014203
f2,low_seed2026,Low,2026,netflix,0,1.0,0.75,0.8571428571428571,20,165,0.0,-0.09999999999999998,-0.061776061776061875
od,low_seed2026,Low,2026,rdp,1,1.0,0.5,0.6666666666666666,4,36,0.0,0.0,0.0
f0,low_seed2026,Low,2026,rdp,1,1.0,0.75,0.8571428571428571,4,36,0.0,0.25,0.19047619047619047
f2,low_seed2026,Low,2026,rdp,1,1.0,0.25,0.4,4,36,0.0,-0.25,-0.2666666666666666
od,low_seed2026,Low,2026,rsync,2,0.0,0.0,0.0,191,1530,0.0,0.0,0.0
f0,low_seed2026,Low,2026,rsync,2,0.6666666666666666,0.0104712041884816,0.0206185567010309,191,1530,0.6666666666666666,0.0104712041884816,0.0206185567010309
f2,low_seed2026,Low,2026,rsync,2,0.625,0.0523560209424083,0.0966183574879227,191,1530,0.625,0.0523560209424083,0.0966183574879227
od,low_seed2026,Low,2026,scp,3,0.5503685503685504,0.9781659388646288,0.7044025157232704,229,1832,0.0,0.0,0.0
f0,low_seed2026,Low,2026,scp,3,0.5436893203883495,0.9781659388646288,0.6989079563182528,229,1832,-0.006679229980200874,0.0,-0.0054945594050176405
f2,low_seed2026,Low,2026,scp,3,0.5481481481481482,0.9694323144104804,0.7003154574132493,229,1832,-0.0022204022204022067,-0.008733624454148381,-0.004087058310021097
od,low_seed2026,Low,2026,skype,4,0.9920634920634921,0.9920634920634921,0.9920634920634921,126,1017,0.0,0.0,0.0
f0,low_seed2026,Low,2026,skype,4,0.984375,1.0,0.9921259842519684,126,1017,-0.007688492063492092,0.007936507936507908,6.249218847631521e-05
f2,low_seed2026,Low,2026,skype,4,0.984,0.9761904761904762,0.9800796812749004,126,1017,-0.008063492063492106,-0.015873015873015928,-0.011983810788591676
od,low_seed2026,Low,2026,ssh,5,0.9883296863603209,0.9992625368731564,0.9937660432709937,1356,10851,0.0,0.0,0.0
f0,low_seed2026,Low,2026,ssh,5,0.9941262848751836,0.9985250737463128,0.9963208241353936,1356,10851,0.005796598514862694,-0.0007374631268435294,0.0025547808643998637
f2,low_seed2026,Low,2026,ssh,5,0.9963208241353936,0.9985250737463128,0.9974217311233886,1356,10851,0.007991137775072654,-0.0007374631268435294,0.0036556878523948955
od,low_seed2026,Low,2026,vimeo,6,0.975609756097561,0.9917355371900827,0.9836065573770492,121,976,0.0,0.0,0.0
f0,low_seed2026,Low,2026,vimeo,6,0.9914529914529916,0.9586776859504132,0.9747899159663866,121,976,0.01584323535543064,-0.03305785123966942,-0.008816641410662518
f2,low_seed2026,Low,2026,vimeo,6,0.9669421487603306,0.9669421487603306,0.9669421487603306,121,976,-0.008667607337230376,-0.024793388429752095,-0.016664408616718585
od,low_seed2026,Low,2026,zoiper,7,0.9787234042553191,0.989247311827957,0.983957219251337,93,753,0.0,0.0,0.0
f0,low_seed2026,Low,2026,zoiper,7,0.989247311827957,0.989247311827957,0.989247311827957,93,753,0.01052390757263788,0.0,0.0052900925766200535
f2,low_seed2026,Low,2026,zoiper,7,0.9387755102040816,0.989247311827957,0.9633507853403142,93,753,-0.039947894051237554,0.0,-0.020606433911022792
od,medium_seed2022,Medium,2022,netflix,0,0.9411764705882353,0.8,0.8648648648648649,20,165,0.0,0.0,0.0
f0,medium_seed2022,Medium,2022,netflix,0,0.4117647058823529,0.7,0.5185185185185185,20,165,-0.5294117647058824,-0.10000000000000009,-0.3463463463463464
f2,medium_seed2022,Medium,2022,netflix,0,0.4736842105263157,0.45,0.4615384615384615,20,165,-0.4674922600619196,-0.35000000000000003,-0.4033264033264034
od,medium_seed2022,Medium,2022,rsync,1,0.63671875,0.8534031413612565,0.7293064876957495,191,1530,0.0,0.0,0.0
f0,medium_seed2022,Medium,2022,rsync,1,0.6090225563909775,0.4240837696335078,0.5,191,1530,-0.027696193609022535,-0.4293193717277487,-0.22930648769574946
f2,medium_seed2022,Medium,2022,rsync,1,0.6351351351351351,0.4921465968586387,0.5545722713864307,191,1530,-0.0015836148648649129,-0.3612565445026178,-0.17473421630931874
od,medium_seed2022,Medium,2022,sftp,2,0.7216494845360825,0.42168674698795183,0.532319391634981,166,1336,0.0,0.0,0.0
f0,medium_seed2022,Medium,2022,sftp,2,0.5,0.6746987951807228,0.5743589743589743,166,1336,-0.22164948453608246,0.253012048192771,0.04203958272399333
f2,medium_seed2022,Medium,2022,sftp,2,0.5240384615384616,0.6566265060240963,0.5828877005347594,166,1336,-0.1976110229976209,0.2349397590361445,0.05056830889977837
od,medium_seed2022,Medium,2022,ssh,3,0.9955947136563876,1.0,0.9977924944812362,1356,10851,0.0,0.0,0.0
f0,medium_seed2022,Medium,2022,ssh,3,0.9963262307127112,1.0,0.9981597350018404,1356,10851,0.0007315170563235718,0.0,0.0003672405206042173
f2,medium_seed2022,Medium,2022,ssh,3,0.9955914768552536,0.9992625368731564,0.9974236290025764,1356,10851,-3.2368011340100367e-06,-0.0007374631268436405,-0.0003688654786597745
od,medium_seed2022,Medium,2022,vimeo,4,0.967741935483871,0.9917355371900827,0.9795918367346939,121,976,0.0,0.0,0.0
f0,medium_seed2022,Medium,2022,vimeo,4,0.9833333333333332,0.975206611570248,0.979253112033195,121,976,0.015591397849462174,-0.016528925619834656,-0.00033872470149887146
f2,medium_seed2022,Medium,2022,vimeo,4,0.9914529914529916,0.9586776859504132,0.9747899159663866,121,976,0.023711055969120598,-0.03305785123966942,-0.004801920768307211
od,medium_seed2022,Medium,2022,youtube,5,1.0,0.9411764705882353,0.9696969696969697,34,273,0.0,0.0,0.0
f0,medium_seed2022,Medium,2022,youtube,5,0.8333333333333334,0.4411764705882353,0.576923076923077,34,273,-0.16666666666666663,-0.5,-0.39277389277389274
f2,medium_seed2022,Medium,2022,youtube,5,0.7272727272727273,0.7058823529411765,0.7164179104477613,34,273,-0.2727272727272727,-0.23529411764705876,-0.25327905924920846
od,medium_seed2022,Medium,2022,zoiper,6,1.0,1.0,1.0,93,753,0.0,0.0,0.0
f0,medium_seed2022,Medium,2022,zoiper,6,0.989010989010989,0.967741935483871,0.9782608695652174,93,753,-0.01098901098901095,-0.032258064516129004,-0.021739130434782594
f2,medium_seed2022,Medium,2022,zoiper,6,0.9473684210526316,0.967741935483871,0.9574468085106383,93,753,-0.05263157894736836,-0.032258064516129004,-0.04255319148936165
od,medium_seed2023,Medium,2023,rdp,0,0.75,0.75,0.75,4,36,0.0,0.0,0.0
f0,medium_seed2023,Medium,2023,rdp,0,0.0,0.0,0.0,4,36,-0.75,-0.75,-0.75
f2,medium_seed2023,Medium,2023,rdp,0,1.0,0.25,0.4,4,36,0.25,-0.5,-0.35
od,medium_seed2023,Medium,2023,rsync,1,0.37850467289719625,0.42408376963350786,0.4,191,1530,0.0,0.0,0.0
f0,medium_seed2023,Medium,2023,rsync,1,0.3157894736842105,0.5654450261780105,0.4052532833020638,191,1530,-0.06271519921298574,0.14136125654450266,0.00525328330206376
f2,medium_seed2023,Medium,2023,rsync,1,0.3333333333333333,0.0157068062827225,0.0299999999999999,191,1530,-0.04517133956386293,-0.4083769633507854,-0.3700000000000001
od,medium_seed2023,Medium,2023,scp,2,0.4224137931034483,0.4279475982532751,0.42516268980477223,229,1832,0.0,0.0,0.0
f0,medium_seed2023,Medium,2023,scp,2,0.4475806451612903,0.4847161572052402,0.4654088050314465,229,1832,0.025166852057842026,0.05676855895196509,0.04024611522667426
f2,medium_seed2023,Medium,2023,scp,2,0.4061757719714964,0.7467248908296943,0.5261538461538462,229,1832,-0.016238021131951885,0.3187772925764192,0.10099115634907396
od,medium_seed2023,Medium,2023,sftp,3,0.4785714285714286,0.4036144578313253,0.43790849673202614,166,1336,0.0,0.0,0.0
f0,medium_seed2023,Medium,2023,sftp,3,0.8,0.0240963855421686,0.0467836257309941,166,1336,0.32142857142857145,-0.37951807228915674,-0.39112487100103205
f2,medium_seed2023,Medium,2023,sftp,3,0.3719512195121951,0.3674698795180723,0.3696969696969697,166,1336,-0.10662020905923347,-0.03614457831325302,-0.06821152703505645
od,medium_seed2023,Medium,2023,vimeo,4,1.0,0.9669421487603306,0.9831932773109243,121,976,0.0,0.0,0.0
f0,medium_seed2023,Medium,2023,vimeo,4,0.9830508474576272,0.9586776859504132,0.9707112970711298,121,976,-0.016949152542372836,-0.008264462809917328,-0.012481980239794521
f2,medium_seed2023,Medium,2023,vimeo,4,1.0,0.9669421487603306,0.9831932773109244,121,976,0.0,0.0,1.1102230246251565e-16
od,medium_seed2023,Medium,2023,youtube,5,0.8947368421052632,1.0,0.9444444444444444,34,273,0.0,0.0,0.0
f0,medium_seed2023,Medium,2023,youtube,5,0.925925925925926,0.7352941176470589,0.819672131147541,34,273,0.031189083820662877,-0.2647058823529411,-0.12477231329690341
f2,medium_seed2023,Medium,2023,youtube,5,0.935483870967742,0.8529411764705882,0.8923076923076922,34,273,0.04074702886247883,-0.1470588235294118,-0.052136752136752174
od,medium_seed2023,Medium,2023,zoiper,6,0.989247311827957,0.989247311827957,0.989247311827957,93,753,0.0,0.0,0.0
f0,medium_seed2023,Medium,2023,zoiper,6,0.9479166666666666,0.978494623655914,0.962962962962963,93,753,-0.04133064516129037,-0.010752688172043001,-0.02628434886499398
f2,medium_seed2023,Medium,2023,zoiper,6,0.9789473684210528,1.0,0.9893617021276596,93,753,-0.01029994340690421,0.010752688172043001,0.00011439029970261583
od,medium_seed2024,Medium,2024,netflix,0,0.9411764705882353,0.8,0.8648648648648649,20,165,0.0,0.0,0.0
f0,medium_seed2024,Medium,2024,netflix,0,0.0,0.0,0.0,20,165,-0.9411764705882353,-0.8,-0.8648648648648649
f2,medium_seed2024,Medium,2024,netflix,0,0.0,0.0,0.0,20,165,-0.9411764705882353,-0.8,-0.8648648648648649
od,medium_seed2024,Medium,2024,rdp,1,1.0,1.0,1.0,4,36,0.0,0.0,0.0
f0,medium_seed2024,Medium,2024,rdp,1,0.0,0.0,0.0,4,36,-1.0,-1.0,-1.0
f2,medium_seed2024,Medium,2024,rdp,1,0.0,0.0,0.0,4,36,-1.0,-1.0,-1.0
od,medium_seed2024,Medium,2024,scp,2,0.6453900709219859,0.7947598253275109,0.7123287671232876,229,1832,0.0,0.0,0.0
f0,medium_seed2024,Medium,2024,scp,2,0.5382716049382716,0.9519650655021834,0.6876971608832807,229,1832,-0.10711846598371422,0.15720524017467252,-0.02463160624000693
f2,medium_seed2024,Medium,2024,scp,2,0.5388471177944862,0.9388646288209608,0.6847133757961783,229,1832,-0.10654295312749962,0.1441048034934499,-0.02761539132710933
od,medium_seed2024,Medium,2024,sftp,3,0.584070796460177,0.39759036144578314,0.4731182795698925,166,1336,0.0,0.0,0.0
f0,medium_seed2024,Medium,2024,sftp,3,0.0,0.0,0.0,166,1336,-0.584070796460177,-0.39759036144578314,-0.4731182795698925
f2,medium_seed2024,Medium,2024,sftp,3,0.28125,0.0542168674698795,0.0909090909090909,166,1336,-0.302820796460177,-0.34337349397590367,-0.3822091886608016
od,medium_seed2024,Medium,2024,skype,4,0.9921259842519685,1.0,0.9960474308300395,126,1017,0.0,0.0,0.0
f0,medium_seed2024,Medium,2024,skype,4,0.8879310344827587,0.8174603174603174,0.8512396694214875,126,1017,-0.10419494976920984,-0.18253968253968256,-0.144807761408552
f2,medium_seed2024,Medium,2024,skype,4,0.9545454545454546,0.8333333333333334,0.8898305084745762,126,1017,-0.03758052970651393,-0.16666666666666663,-0.10621692235546332
od,medium_seed2024,Medium,2024,vimeo,5,1.0,0.9917355371900827,0.995850622406639,121,976,0.0,0.0,0.0
f0,medium_seed2024,Medium,2024,vimeo,5,0.6781609195402298,0.975206611570248,0.7999999999999999,121,976,-0.32183908045977017,-0.016528925619834656,-0.19585062240663909
f2,medium_seed2024,Medium,2024,vimeo,5,0.7682119205298014,0.9586776859504132,0.8529411764705883,121,976,-0.23178807947019864,-0.03305785123966942,-0.1429094459360507
od,medium_seed2024,Medium,2024,youtube,6,0.8918918918918919,0.9705882352941176,0.9295774647887324,34,273,0.0,0.0,0.0
f0,medium_seed2024,Medium,2024,youtube,6,0.0,0.0,0.0,34,273,-0.8918918918918919,-0.9705882352941176,-0.9295774647887324
f2,medium_seed2024,Medium,2024,youtube,6,0.25,0.0588235294117647,0.0952380952380952,34,273,-0.6418918918918919,-0.9117647058823529,-0.8343393695506371
od,medium_seed2025,Medium,2025,netflix,0,1.0,0.8,0.8888888888888888,20,165,0.0,0.0,0.0
f0,medium_seed2025,Medium,2025,netflix,0,0.0,0.0,0.0,20,165,-1.0,-0.8,-0.8888888888888888
f2,medium_seed2025,Medium,2025,netflix,0,0.6129032258064516,0.95,0.7450980392156863,20,165,-0.3870967741935484,0.1499999999999999,-0.14379084967320255
od,medium_seed2025,Medium,2025,rdp,1,1.0,0.5,0.6666666666666666,4,36,0.0,0.0,0.0
f0,medium_seed2025,Medium,2025,rdp,1,0.0,0.0,0.0,4,36,-1.0,-0.5,-0.6666666666666666
f2,medium_seed2025,Medium,2025,rdp,1,0.5,0.25,0.3333333333333333,4,36,-0.5,-0.25,-0.3333333333333333
od,medium_seed2025,Medium,2025,rsync,2,1.0,0.005235602094240838,0.010416666666666666,191,1530,0.0,0.0,0.0
f0,medium_seed2025,Medium,2025,rsync,2,0.0,0.0,0.0,191,1530,-1.0,-0.005235602094240838,-0.010416666666666666
f2,medium_seed2025,Medium,2025,rsync,2,0.5833333333333334,0.0366492146596858,0.0689655172413793,191,1530,-0.41666666666666663,0.03141361256544496,0.05854885057471263
od,medium_seed2025,Medium,2025,scp,3,0.5447941888619855,0.982532751091703,0.7009345794392523,229,1832,0.0,0.0,0.0
f0,medium_seed2025,Medium,2025,scp,3,0.5207100591715976,0.3842794759825327,0.4422110552763819,229,1832,-0.024084129690387868,-0.5982532751091703,-0.2587235241628704
f2,medium_seed2025,Medium,2025,scp,3,0.5476772616136919,0.9781659388646288,0.7021943573667712,229,1832,0.002883072751706406,-0.004366812227074246,0.001259777927518857
od,medium_seed2025,Medium,2025,skype,4,0.9692307692307692,1.0,0.984375,126,1017,0.0,0.0,0.0
f0,medium_seed2025,Medium,2025,skype,4,0.8823529411764706,0.238095238095238,0.3749999999999999,126,1017,-0.08687782805429867,-0.761904761904762,-0.6093750000000001
f2,medium_seed2025,Medium,2025,skype,4,0.9767441860465116,1.0,0.988235294117647,126,1017,0.0075134168157423575,0.0,0.0038602941176469896
od,medium_seed2025,Medium,2025,ssh,5,0.9955914768552535,0.9992625368731564,0.9974236290025764,1356,10851,0.0,0.0,0.0
f0,medium_seed2025,Medium,2025,ssh,5,0.7839285714285714,0.9712389380530974,0.8675889328063241,1356,10851,-0.2116629054266821,-0.028023598820059004,-0.12983469619625232
f2,medium_seed2025,Medium,2025,ssh,5,0.9992614475627768,0.9977876106194692,0.9985239852398524,1356,10851,0.0036699707075232846,-0.00147492625368717,0.0011003562372760012
od,medium_seed2025,Medium,2025,youtube,6,0.8918918918918919,0.9705882352941176,0.9295774647887324,34,273,0.0,0.0,0.0
f0,medium_seed2025,Medium,2025,youtube,6,0.2207792207792207,0.5,0.3063063063063063,34,273,-0.6711126711126711,-0.47058823529411764,-0.6232711584824261
f2,medium_seed2025,Medium,2025,youtube,6,0.9130434782608696,0.6176470588235294,0.7368421052631579,34,273,0.021151586368977737,-0.3529411764705882,-0.19273535952557452
od,medium_seed2026,Medium,2026,netflix,0,1.0,0.85,0.918918918918919,20,165,0.0,0.0,0.0
f0,medium_seed2026,Medium,2026,netflix,0,1.0,0.85,0.9189189189189187,20,165,0.0,0.0,-2.220446049250313e-16
f2,medium_seed2026,Medium,2026,netflix,0,0.8333333333333334,0.25,0.3846153846153846,20,165,-0.16666666666666663,-0.6,-0.5343035343035344
od,medium_seed2026,Medium,2026,rdp,1,1.0,1.0,1.0,4,36,0.0,0.0,0.0
f0,medium_seed2026,Medium,2026,rdp,1,1.0,0.5,0.6666666666666666,4,36,0.0,-0.5,-0.33333333333333337
f2,medium_seed2026,Medium,2026,rdp,1,0.0,0.0,0.0,4,36,-1.0,-1.0,-1.0
od,medium_seed2026,Medium,2026,rsync,2,1.0,0.9790575916230366,0.9894179894179894,191,1530,0.0,0.0,0.0
f0,medium_seed2026,Medium,2026,rsync,2,0.9836956521739132,0.9476439790575916,0.9653333333333332,191,1530,-0.016304347826086807,-0.03141361256544506,-0.024084656084656264
f2,medium_seed2026,Medium,2026,rsync,2,0.9585492227979274,0.9685863874345548,0.9635416666666666,191,1530,-0.041450777202072575,-0.010471204188481797,-0.02587632275132279
od,medium_seed2026,Medium,2026,skype,3,0.9921259842519685,1.0,0.9960474308300395,126,1017,0.0,0.0,0.0
f0,medium_seed2026,Medium,2026,skype,3,0.9402985074626866,1.0,0.9692307692307692,126,1017,-0.0518274767892819,0.0,-0.02681666159927032
f2,medium_seed2026,Medium,2026,skype,3,0.9435483870967742,0.9285714285714286,0.936,126,1017,-0.048577597155194274,-0.0714285714285714,-0.060047430830039494
od,medium_seed2026,Medium,2026,ssh,4,0.9963235294117647,0.9992625368731564,0.9977908689248896,1356,10851,0.0,0.0,0.0
f0,medium_seed2026,Medium,2026,ssh,4,0.991941391941392,0.9985250737463128,0.9952223447262036,1356,10851,-0.004382137470372749,-0.0007374631268435294,-0.0025685241986859175
f2,medium_seed2026,Medium,2026,ssh,4,0.9970457902511078,0.995575221238938,0.996309963099631,1356,10851,0.0007222608393431251,-0.0036873156342183133,-0.001480905825258505
od,medium_seed2026,Medium,2026,vimeo,5,0.983739837398374,1.0,0.9918032786885246,121,976,0.0,0.0,0.0
f0,medium_seed2026,Medium,2026,vimeo,5,1.0,0.950413223140496,0.9745762711864406,121,976,0.016260162601625994,-0.04958677685950397,-0.017227007502083946
f2,medium_seed2026,Medium,2026,vimeo,5,0.905511811023622,0.950413223140496,0.9274193548387096,121,976,-0.07822802637475201,-0.04958677685950397,-0.06438392384981495
od,medium_seed2026,Medium,2026,zoiper,6,0.989247311827957,0.989247311827957,0.989247311827957,93,753,0.0,0.0,0.0
f0,medium_seed2026,Medium,2026,zoiper,6,0.9680851063829788,0.978494623655914,0.9732620320855616,93,753,-0.021162205444978155,-0.010752688172043001,-0.015985279742395386
f2,medium_seed2026,Medium,2026,zoiper,6,0.8598130841121495,0.989247311827957,0.92,93,753,-0.12943422771580748,0.0,-0.06924731182795696
