unknown_service,variant,score,known_acceptance_target,runs,auroc_mean,auroc_std,auprc_mean,auprc_std,ufar_mean,ufar_std,known_test_acceptance_mean,known_test_acceptance_std
Email,E4_FULL,feature_distance,0.9,3,0.6276918410676373,0.01983823493889935,0.646519752999641,0.005338936670679431,0.8154761904761906,0.04319750209737546,0.9171974522292993,0.018015459393287782
Email,E4_FULL,feature_distance,0.95,3,0.6276918410676373,0.01983823493889935,0.646519752999641,0.005338936670679431,0.8829365079365079,0.026767336434984204,0.9723991507430997,0.006005153131095891
Email,E4_FULL,feature_distance,0.99,3,0.6276918410676373,0.01983823493889935,0.646519752999641,0.005338936670679431,0.9781746031746031,0.007423923386456207,0.989384288747346,0.007944070884870412
Email,E4_FULL,msp,0.9,3,0.6456121726822364,0.02879734569528276,0.6838800560697932,0.04824336135630756,0.5753968253968255,0.05939138709164988,0.6878980891719745,0.11710048605637095
Email,E4_FULL,msp,0.95,3,0.6456121726822364,0.02879734569528276,0.6838800560697932,0.04824336135630756,0.878968253968254,0.12676692734097852,0.8832271762208069,0.003002576565547972
Email,E4_FULL,msp,0.99,3,0.6456121726822364,0.02879734569528276,0.6838800560697932,0.04824336135630756,0.878968253968254,0.12676692734097852,0.8832271762208069,0.003002576565547972
Email,E4_FULL,energy,0.9,3,0.5613057324840764,0.009815116021472291,0.5980398403429908,0.010193887713636739,0.8908730158730158,0.023974297566655884,0.7133757961783439,0.01801545939328783
Email,E4_FULL,energy,0.95,3,0.5613057324840764,0.009815116021472291,0.5980398403429908,0.010193887713636739,0.8908730158730158,0.023974297566655884,0.7133757961783439,0.01801545939328783
Email,E4_FULL,energy,0.99,3,0.5613057324840764,0.009815116021472291,0.5980398403429908,0.010193887713636739,0.8988095238095237,0.012858612496840964,0.980891719745223,0.013759534391524048
Email,E4_TIME,feature_distance,0.9,3,0.6629511677282377,0.021376016039229447,0.686474678181401,0.013841037513602772,0.7420634920634921,0.014847846772912454,0.9214437367303608,0.007944070884870313
Email,E4_TIME,feature_distance,0.95,3,0.6629511677282377,0.021376016039229447,0.686474678181401,0.013841037513602772,0.8035714285714285,0.03402069087198857,0.9617834394904459,0.005200615165144705
Email,E4_TIME,feature_distance,0.99,3,0.6629511677282377,0.021376016039229447,0.686474678181401,0.013841037513602772,0.9603174603174603,0.0316217806557723,0.9978768577494691,0.003002576565547972
Email,E4_TIME,msp,0.9,3,0.6462440602567991,0.05972628363019493,0.6799682065964174,0.05906704524239467,0.7242063492063492,0.0028059792904227975,0.9002123142250532,0.006005153131095996
Email,E4_TIME,msp,0.95,3,0.6462440602567991,0.05972628363019493,0.6799682065964174,0.05906704524239467,0.8888888888888888,0.03928371006591927,0.9575371549893843,0.006005153131095996
Email,E4_TIME,msp,0.99,3,0.6462440602567991,0.05972628363019493,0.6799682065964174,0.05906704524239467,0.9781746031746033,0.030865772194650826,0.9936305732484075,0.005200615165144797
Email,E4_TIME,energy,0.9,3,0.6276981599433828,0.04481956695687148,0.6503084561428575,0.03817589700195097,0.7261904761904762,0.0,0.8980891719745224,0.009007729696643967
Email,E4_TIME,energy,0.95,3,0.6276981599433828,0.04481956695687148,0.6503084561428575,0.03817589700195097,0.8888888888888888,0.10393492741038726,0.9532908704883228,0.007944070884870412
Email,E4_TIME,energy,0.99,3,0.6276981599433828,0.04481956695687148,0.6503084561428575,0.03817589700195097,1.0,0.0,0.9915074309978769,0.007944070884870412
Email,E4_LENGTH,feature_distance,0.9,3,0.6777373369730059,0.021539022278600495,0.6574116758434835,0.026025914061036416,0.861111111111111,0.04868192121581463,0.9214437367303611,0.01968921124309063
Email,E4_LENGTH,feature_distance,0.95,3,0.6777373369730059,0.021539022278600495,0.6574116758434835,0.026025914061036416,0.9007936507936508,0.058388646704611774,0.9490445859872612,0.009007729696643967
Email,E4_LENGTH,feature_distance,0.99,3,0.6777373369730059,0.021539022278600495,0.6574116758434835,0.026025914061036416,0.9920634920634921,0.005611958580845648,0.9830148619957536,0.003002576565547972
Email,E4_LENGTH,msp,0.9,3,0.6798225659690629,0.015678708454267245,0.722664271029475,0.020573391385702352,0.4583333333333333,0.024300493479991872,0.6560509554140127,0.12163214936222937
Email,E4_LENGTH,msp,0.95,3,0.6798225659690629,0.015678708454267245,0.722664271029475,0.020573391385702352,0.7242063492063492,0.1248897220782239,0.8556263269639066,0.013087927819467039
Email,E4_LENGTH,msp,0.99,3,0.6798225659690629,0.015678708454267245,0.722664271029475,0.020573391385702352,0.7242063492063492,0.1248897220782239,0.8556263269639066,0.013087927819467039
Email,E4_LENGTH,energy,0.9,3,0.5070771408351026,0.014178081565707613,0.5788240644885297,0.013277803536145836,0.8809523809523809,0.0145802960879951,0.70276008492569,0.003002576565547972
Email,E4_LENGTH,energy,0.95,3,0.5070771408351026,0.014178081565707613,0.5788240644885297,0.013277803536145836,0.8809523809523809,0.0145802960879951,0.70276008492569,0.003002576565547972
Email,E4_LENGTH,energy,0.99,3,0.5070771408351026,0.014178081565707613,0.5788240644885297,0.013277803536145836,0.8928571428571428,0.008417937871268445,0.8747346072186838,0.11863027638810193
Email,E4_TIME_LENGTH,feature_distance,0.9,3,0.5835608128601759,0.011637207743765289,0.5584790186296812,0.037297360587341365,0.9404761904761906,0.05074092004977946,0.9150743099787686,0.007944070884870274
Email,E4_TIME_LENGTH,feature_distance,0.95,3,0.5835608128601759,0.011637207743765289,0.5584790186296812,0.037297360587341365,0.9583333333333334,0.04236935814298143,0.9554140127388536,0.005200615165144797
Email,E4_TIME_LENGTH,feature_distance,0.99,3,0.5835608128601759,0.011637207743765289,0.5584790186296812,0.037297360587341365,0.9940476190476191,0.004860098695998397,0.9957537154989384,0.003002576565547972
Email,E4_TIME_LENGTH,msp,0.9,3,0.5684713375796179,0.04551009956181377,0.6375354960693197,0.037804845504027185,0.6964285714285715,0.008417937871268393,0.851380042462845,0.003002576565547972
Email,E4_TIME_LENGTH,msp,0.95,3,0.5684713375796179,0.04551009956181377,0.6375354960693197,0.037804845504027185,0.8015873015873015,0.1402989645211404,0.8641188959660298,0.007944070884870362
Email,E4_TIME_LENGTH,msp,0.99,3,0.5684713375796179,0.04551009956181377,0.6375354960693197,0.037804845504027185,1.0,0.0,0.9851380042462846,0.007944070884870352
Email,E4_TIME_LENGTH,energy,0.9,3,0.5081766252148417,0.0695084994569232,0.5433730059612021,0.042502203378151866,0.9226190476190476,0.05257000515671342,0.7303609341825902,0.06866650373161884
Email,E4_TIME_LENGTH,energy,0.95,3,0.5081766252148417,0.0695084994569232,0.5433730059612021,0.042502203378151866,0.9345238095238096,0.04208968935634217,0.8195329087048832,0.08582328208665703
Email,E4_TIME_LENGTH,energy,0.99,3,0.5081766252148417,0.0695084994569232,0.5433730059612021,0.042502203378151866,0.998015873015873,0.0028059792904227454,0.978768577494692,0.007944070884870313
Email,E4_NO_MS,feature_distance,0.9,3,0.6366393691234457,0.011579422129986028,0.6183681979669141,0.020014507730348012,0.876984126984127,0.010117102209509458,0.9150743099787686,0.006005153131095891
Email,E4_NO_MS,feature_distance,0.95,3,0.6366393691234457,0.011579422129986028,0.6183681979669141,0.020014507730348012,0.9404761904761904,0.008417937871268393,0.961783439490446,0.005200615165144705
Email,E4_NO_MS,feature_distance,0.99,3,0.6366393691234457,0.011579422129986028,0.6183681979669141,0.020014507730348012,0.9623015873015873,0.005611958580845595,0.9830148619957537,0.007944070884870372
Email,E4_NO_MS,msp,0.9,3,0.6403422303103832,0.01978259059157574,0.6526144880286002,0.027645814464759146,0.6309523809523809,0.036692940493862965,0.8768577494692145,0.003002576565547972
Email,E4_NO_MS,msp,0.95,3,0.6403422303103832,0.01978259059157574,0.6526144880286002,0.027645814464759146,0.6567460317460317,0.030865772194650882,0.881104033970276,0.006005153131095944
Email,E4_NO_MS,msp,0.99,3,0.6403422303103832,0.01978259059157574,0.6526144880286002,0.027645814464759146,0.871031746031746,0.1823886538774825,0.9596602972399152,0.05260939147925208
Email,E4_NO_MS,energy,0.9,3,0.5527878879789708,0.016832868267961782,0.5722121838005302,0.016409688446633906,0.871031746031746,0.0028059792904227975,0.70276008492569,0.025654025421644522
Email,E4_NO_MS,energy,0.95,3,0.5527878879789708,0.016832868267961782,0.5722121838005302,0.016409688446633906,0.871031746031746,0.0028059792904227975,0.70276008492569,0.025654025421644522
Email,E4_NO_MS,energy,0.99,3,0.5527878879789708,0.016832868267961782,0.5722121838005302,0.016409688446633906,0.9246031746031745,0.05058551104754753,0.8980891719745223,0.11286652959662007
Email,E4_NO_RNN,feature_distance,0.9,3,0.6732003841876454,0.02358871439254298,0.6857580650758894,0.03065587816424144,0.7837301587301587,0.024940089464239156,0.9065817409766455,0.01826396022726667
Email,E4_NO_RNN,feature_distance,0.95,3,0.6732003841876454,0.02358871439254298,0.6857580650758894,0.03065587816424144,0.8273809523809524,0.004860098695998397,0.9575371549893843,0.006005153131095996
Email,E4_NO_RNN,feature_distance,0.99,3,0.6732003841876454,0.02358871439254298,0.6857580650758894,0.03065587816424144,0.9166666666666666,0.03367175148507363,0.9872611464968152,0.009007729696643967
Email,E4_NO_RNN,msp,0.9,3,0.6386108583560813,0.04564114459183319,0.677992503203555,0.04692018602581507,0.6726190476190478,0.016835875742536838,0.7749469214437368,0.12010306262191892
Email,E4_NO_RNN,msp,0.95,3,0.6386108583560813,0.04564114459183319,0.677992503203555,0.04692018602581507,0.8015873015873015,0.1402989645211404,0.8789808917197451,1.1102230246251565e-16
Email,E4_NO_RNN,msp,0.99,3,0.6386108583560813,0.04564114459183319,0.677992503203555,0.04692018602581507,0.8015873015873015,0.1402989645211404,0.8789808917197451,1.1102230246251565e-16
Email,E4_NO_RNN,energy,0.9,3,0.5749039530886665,0.05409143362771435,0.6166766220391643,0.061363852942773855,0.8115079365079364,0.0615399302352017,0.6794055201698513,0.028642754911320678
Email,E4_NO_RNN,energy,0.95,3,0.5749039530886665,0.05409143362771435,0.6166766220391643,0.061363852942773855,0.8253968253968255,0.04593586072535807,0.8662420382165604,0.10821779140020944
Email,E4_NO_RNN,energy,0.99,3,0.5749039530886665,0.05409143362771435,0.6166766220391643,0.061363852942773855,0.9186507936507936,0.09478230882933482,0.9851380042462844,0.003002576565547972
Email,E4_BASE,feature_distance,0.9,3,0.6274011727833385,0.02620573608020417,0.628418728333828,0.0363652828039683,0.8333333333333334,0.044543540318737425,0.9193205944798302,0.021651887531179546
Email,E4_BASE,feature_distance,0.95,3,0.6274011727833385,0.02620573608020417,0.628418728333828,0.0363652828039683,0.9146825396825397,0.03711961693228122,0.9639065817409768,0.007944070884870313
Email,E4_BASE,feature_distance,0.99,3,0.6274011727833385,0.02620573608020417,0.628418728333828,0.0363652828039683,0.9623015873015874,0.021915398843625443,0.9851380042462846,0.013087927819467032
Email,E4_BASE,msp,0.9,3,0.6421494287736326,0.011690582738682663,0.6402241747826952,0.011814860576571416,0.6269841269841271,0.03647773077549651,0.6985138004246284,0.10962488869151243
Email,E4_BASE,msp,0.95,3,0.6421494287736326,0.011690582738682663,0.6402241747826952,0.011814860576571416,0.7797619047619048,0.14781413120785056,0.8789808917197451,0.005200615165144751
Email,E4_BASE,msp,0.99,3,0.6421494287736326,0.011690582738682663,0.6402241747826952,0.011814860576571416,0.9801587301587302,0.01562303149605519,0.9554140127388534,0.04961070677515038
Email,E4_BASE,energy,0.9,3,0.5570468102315237,0.03646582844186142,0.5451960507010724,0.03546619495996197,0.865079365079365,0.07550118091444621,0.6709129511677282,0.010825943765589773
Email,E4_BASE,energy,0.95,3,0.5570468102315237,0.03646582844186142,0.5451960507010724,0.03546619495996197,0.9107142857142857,0.0763824466465086,0.9320594479830149,0.010825943765589773
Email,E4_BASE,energy,0.99,3,0.5570468102315237,0.03646582844186142,0.5451960507010724,0.03546619495996197,0.9940476190476191,0.008417937871268393,0.978768577494692,0.0030025765655479195
Streaming,E4_FULL,feature_distance,0.9,3,0.5604387107518632,0.007645830881944939,0.9245585269690789,0.004368248417169317,0.7397355601948504,0.013102415020015818,0.8461538461538461,0.025161711869879904
Streaming,E4_FULL,feature_distance,0.95,3,0.5604387107518632,0.007645830881944939,0.9245585269690789,0.004368248417169317,0.8389004871259568,0.02908221808485295,0.9202279202279203,0.004029098468299559
Streaming,E4_FULL,feature_distance,0.99,3,0.5604387107518632,0.007645830881944939,0.9245585269690789,0.004368248417169317,0.8970076548364648,0.029032219965209598,0.9772079772079773,0.01611639387319766
Streaming,E4_FULL,msp,0.9,3,0.6442553039630283,0.0631464756929654,0.9342407405674846,0.014518267168582918,0.9057063326374392,0.01326769378214168,0.9287749287749287,0.09474808631519031
Streaming,E4_FULL,msp,0.95,3,0.6442553039630283,0.0631464756929654,0.9342407405674846,0.014518267168582918,0.9067501739735561,0.014622060813814003,0.9800569800569802,0.022433070866130507
Streaming,E4_FULL,msp,0.99,3,0.6442553039630283,0.0631464756929654,0.9342407405674846,0.014518267168582918,0.9185803757828811,0.030765293971044716,0.9943019943019943,0.004029098468299349
Streaming,E4_FULL,energy,0.9,3,0.6390182538408008,0.02164101271200484,0.9307526990540979,0.010823364509500772,0.9408489909533749,0.040430795649666076,0.9088319088319089,0.09500474074377817
Streaming,E4_FULL,energy,0.95,3,0.6390182538408008,0.02164101271200484,0.9307526990540979,0.010823364509500772,0.9665970772442588,0.04504269104465853,0.9202279202279202,0.10096891821464013
Streaming,E4_FULL,energy,0.99,3,0.6390182538408008,0.02164101271200484,0.9307526990540979,0.010823364509500772,0.9665970772442588,0.04504269104465853,0.923076923076923,0.10280124531435168
Streaming,E4_TIME,feature_distance,0.9,3,0.5168323132832527,0.07955528366757177,0.9291353151868854,0.009986159671586104,0.8458594293667363,0.03891100503533553,0.9430199430199431,0.008058196936598854
Streaming,E4_TIME,feature_distance,0.95,3,0.5168323132832527,0.07955528366757177,0.9291353151868854,0.009986159671586104,0.9220598469032706,0.01947882394193234,0.9772079772079773,0.004029098468299297
Streaming,E4_TIME,feature_distance,0.99,3,0.5168323132832527,0.07955528366757177,0.9291353151868854,0.009986159671586104,0.9519832985386221,0.009829121010317042,0.9857549857549857,0.004029098468299559
Streaming,E4_TIME,msp,0.9,3,0.5691225190181348,0.0759213847663042,0.9001099541599308,0.01861047338421896,0.9871259568545582,0.0004920715248341107,0.868945868945869,0.004029098468299402
Streaming,E4_TIME,msp,0.95,3,0.5691225190181348,0.0759213847663042,0.9001099541599308,0.01861047338421896,0.9958246346555324,0.005904858298008701,0.94017094017094,0.00697860325579255
Streaming,E4_TIME,msp,0.99,3,0.5691225190181348,0.0759213847663042,0.9001099541599308,0.01861047338421896,1.0,0.0,0.9772079772079773,0.004029098468299297
Streaming,E4_TIME,energy,0.9,3,0.5552670865823267,0.054880111090137594,0.9058264267686257,0.013535284160383123,0.977035490605428,0.014762145745021908,0.868945868945869,0.004029098468299402
Streaming,E4_TIME,energy,0.95,3,0.5552670865823267,0.054880111090137594,0.9058264267686257,0.013535284160383123,0.9909533750869869,0.003444500673838498,0.9316239316239315,0.00697860325579246
Streaming,E4_TIME,energy,0.99,3,0.5552670865823267,0.054880111090137594,0.9058264267686257,0.013535284160383123,0.9958246346555324,0.005904858298008701,0.9886039886039887,0.004029098468299559
Streaming,E4_LENGTH,feature_distance,0.9,3,0.5102005008059288,0.03064269870298163,0.910177777413789,0.007145138061101598,0.836812804453723,0.03906006609526436,0.866096866096866,0.03442463240340327
Streaming,E4_LENGTH,feature_distance,0.95,3,0.5102005008059288,0.03064269870298163,0.910177777413789,0.007145138061101598,0.8757828810020877,0.041369141120951546,0.9145299145299145,0.024174590809796514
Streaming,E4_LENGTH,feature_distance,0.99,3,0.5102005008059288,0.03064269870298163,0.910177777413789,0.007145138061101598,0.9558107167710509,0.013484914666023712,0.9914529914529915,0.006978603255792595
Streaming,E4_LENGTH,msp,0.9,3,0.6435891488083555,0.04581316315440765,0.9372380809339441,0.01365890525818437,0.8103688239387612,0.17478100721892656,0.9515669515669516,0.06254842849031382
Streaming,E4_LENGTH,msp,0.95,3,0.6435891488083555,0.04581316315440765,0.9372380809339441,0.01365890525818437,0.8103688239387612,0.17478100721892656,0.9515669515669516,0.06254842849031382
Streaming,E4_LENGTH,msp,0.99,3,0.6435891488083555,0.04581316315440765,0.9372380809339441,0.01365890525818437,0.8103688239387612,0.17478100721892656,0.9515669515669516,0.06254842849031382
Streaming,E4_LENGTH,energy,0.9,3,0.590365136294155,0.007752714730618401,0.9221653961635855,0.0038230594751342615,0.9126652748782185,0.0270773506727122,0.9601139601139602,0.031468265006231455
Streaming,E4_LENGTH,energy,0.95,3,0.590365136294155,0.007752714730618401,0.9221653961635855,0.0038230594751342615,0.9464161447459986,0.04025072885963565,0.9772079772079773,0.01756243305689169
Streaming,E4_LENGTH,energy,0.99,3,0.590365136294155,0.007752714730618401,0.9221653961635855,0.0038230594751342615,0.9464161447459986,0.04025072885963565,0.9800569800569799,0.01756243305689169
Streaming,E4_TIME_LENGTH,feature_distance,0.9,3,0.5336110962415764,0.0334190817878186,0.9159553451089001,0.008193784887922004,0.8660403618649966,0.016752126815881316,0.9116809116809117,0.02243307086613056
Streaming,E4_TIME_LENGTH,feature_distance,0.95,3,0.5336110962415764,0.0334190817878186,0.9159553451089001,0.008193784887922004,0.917884481558803,0.021431960465461995,0.9658119658119659,0.012087295404898257
Streaming,E4_TIME_LENGTH,feature_distance,0.99,3,0.5336110962415764,0.0334190817878186,0.9159553451089001,0.008193784887922004,0.9617258176757132,0.011571530374610868,0.9971509971509972,0.004029098468299349
Streaming,E4_TIME_LENGTH,msp,0.9,3,0.6244223185768071,0.035226011943666924,0.9331190122734473,0.012400620386596877,0.8897007654836465,0.013484914666023712,0.9943019943019943,0.004029098468299349
Streaming,E4_TIME_LENGTH,msp,0.95,3,0.6244223185768071,0.035226011943666924,0.9331190122734473,0.012400620386596877,0.8897007654836465,0.013484914666023712,0.9943019943019943,0.004029098468299349
Streaming,E4_TIME_LENGTH,msp,0.99,3,0.6244223185768071,0.035226011943666924,0.9331190122734473,0.012400620386596877,0.9220598469032707,0.03324306447458932,0.9943019943019943,0.004029098468299349
Streaming,E4_TIME_LENGTH,energy,0.9,3,0.6014756526238781,0.042735404693373405,0.9187353799973282,0.015397246147392607,0.9157967988865693,0.0332321370439074,0.9088319088319089,0.05852603585234802
Streaming,E4_TIME_LENGTH,energy,0.95,3,0.6014756526238781,0.042735404693373405,0.9187353799973282,0.015397246147392607,0.9157967988865693,0.0332321370439074,0.9088319088319089,0.05852603585234802
Streaming,E4_TIME_LENGTH,energy,0.99,3,0.6014756526238781,0.042735404693373405,0.9187353799973282,0.015397246147392607,0.9157967988865693,0.0332321370439074,0.9088319088319089,0.05852603585234802
Streaming,E4_NO_MS,feature_distance,0.9,3,0.5318133694960417,0.0045218389496524776,0.9130291526851165,0.002442317445137772,0.8281141266527489,0.005479476599869048,0.9088319088319089,0.028203689278095894
Streaming,E4_NO_MS,feature_distance,0.95,3,0.5318133694960417,0.0045218389496524776,0.9130291526851165,0.002442317445137772,0.8865692414752958,0.02269938264481569,0.9601139601139602,0.020145492341497113
Streaming,E4_NO_MS,feature_distance,0.99,3,0.5318133694960417,0.0045218389496524776,0.9130291526851165,0.002442317445137772,0.941892832289492,0.020210905680525526,0.9772079772079773,0.004029098468299297
Streaming,E4_NO_MS,msp,0.9,3,0.6004570894967555,0.02073353959636092,0.9059357791262231,0.006632312237367691,0.9450243562978428,0.041964787454763446,0.851851851851852,0.014527121121346964
Streaming,E4_NO_MS,msp,0.95,3,0.6004570894967555,0.02073353959636092,0.9059357791262231,0.006632312237367691,0.9457202505219207,0.042691281546163626,0.8945868945868947,0.0746199478843806
Streaming,E4_NO_MS,msp,0.99,3,0.6004570894967555,0.02073353959636092,0.9059357791262231,0.006632312237367691,0.9620737647877524,0.052159581632410655,0.943019943019943,0.06884926480680664
Streaming,E4_NO_MS,energy,0.9,3,0.581737832259753,0.014347447677784578,0.9139104068971163,0.0060773525006922475,0.9373695198329853,0.023200533163771266,0.8660968660968661,0.004029098468299402
Streaming,E4_NO_MS,energy,0.95,3,0.581737832259753,0.014347447677784578,0.9139104068971163,0.0060773525006922475,0.9498956158663883,0.03708208699025391,0.9088319088319089,0.05852603585234802
Streaming,E4_NO_MS,energy,0.99,3,0.581737832259753,0.014347447677784578,0.9139104068971163,0.0060773525006922475,0.9505915100904662,0.03794697867921546,0.9116809116809117,0.06254842849031379
Streaming,E4_NO_RNN,feature_distance,0.9,3,0.529968060239459,0.02625645713912141,0.9137481184738787,0.0044950848051812,0.7999304105775922,0.018365543800134502,0.8974358974358975,0.020935809767377654
Streaming,E4_NO_RNN,feature_distance,0.95,3,0.529968060239459,0.02625645713912141,0.9137481184738787,0.0044950848051812,0.8357689631176061,0.010310043416860879,0.9373219373219372,0.017562433056891705
Streaming,E4_NO_RNN,feature_distance,0.99,3,0.529968060239459,0.02625645713912141,0.9137481184738787,0.0044950848051812,0.9617258176757133,0.015301762997422471,0.9715099715099713,0.016116393873197552
Streaming,E4_NO_RNN,msp,0.9,3,0.6532260942490589,0.033241504687715764,0.9293284952091247,0.012528762715481045,0.9881697981906751,0.011571530374610903,0.9116809116809117,0.05640737855619189
Streaming,E4_NO_RNN,msp,0.95,3,0.6532260942490589,0.033241504687715764,0.9293284952091247,0.012528762715481045,0.9881697981906751,0.011571530374610903,0.9116809116809117,0.05640737855619189
Streaming,E4_NO_RNN,msp,0.99,3,0.6532260942490589,0.033241504687715764,0.9293284952091247,0.012528762715481045,0.9881697981906751,0.011571530374610903,0.9145299145299145,0.06043647702449124
Streaming,E4_NO_RNN,energy,0.9,3,0.6912489814368729,0.036191430409680876,0.9480632460428695,0.011088162100469695,0.6047320807237301,0.023869273327964523,0.9344729344729344,0.08088358727395091
Streaming,E4_NO_RNN,energy,0.95,3,0.6912489814368729,0.036191430409680876,0.9480632460428695,0.011088162100469695,0.6047320807237301,0.023869273327964523,0.9344729344729344,0.08088358727395091
Streaming,E4_NO_RNN,energy,0.99,3,0.6912489814368729,0.036191430409680876,0.9480632460428695,0.011088162100469695,0.7299930410577592,0.15328087236611615,0.9373219373219374,0.0826701887666491
Streaming,E4_BASE,feature_distance,0.9,3,0.5578737160156785,0.0464482920295825,0.9155365790912416,0.008760721111930105,0.7884481558803063,0.03163066994394856,0.923076923076923,0.02791441302317011
Streaming,E4_BASE,feature_distance,0.95,3,0.5578737160156785,0.0464482920295825,0.9155365790912416,0.008760721111930105,0.9126652748782185,0.01722250336919223,0.9743589743589741,0.012087295404898205
Streaming,E4_BASE,feature_distance,0.99,3,0.5578737160156785,0.0464482920295825,0.9155365790912416,0.008760721111930105,0.9714683368128045,0.013376745154308286,0.9857549857549858,0.004029098468299559
Streaming,E4_BASE,msp,0.9,3,0.6522922874697404,0.03986359467563563,0.9217664505675471,0.01208311850592958,0.9112734864300626,0.03321756154450274,0.868945868945869,0.004029098468299402
Streaming,E4_BASE,msp,0.95,3,0.6522922874697404,0.03986359467563563,0.9217664505675471,0.01208311850592958,0.9112734864300626,0.03321756154450274,0.868945868945869,0.004029098468299402
Streaming,E4_BASE,msp,0.99,3,0.6522922874697404,0.03986359467563563,0.9217664505675471,0.01208311850592958,0.9655532359081419,0.043650377775143856,0.9572649572649573,0.06043647702449124
Streaming,E4_BASE,energy,0.9,3,0.6664763366224744,0.006860877111160424,0.9346504231916821,0.004244763154291814,0.8086290883785664,0.07930141399477078,0.8575498575498576,0.0644655754927907
Streaming,E4_BASE,energy,0.95,3,0.6664763366224744,0.006860877111160424,0.9346504231916821,0.004244763154291814,0.9391092553931802,0.022393309547256858,0.9943019943019943,0.004029098468299349
Streaming,E4_BASE,energy,0.99,3,0.6664763366224744,0.006860877111160424,0.9346504231916821,0.004244763154291814,0.9620737647877523,0.018718131741562664,0.9971509971509972,0.004029098468299349
