method,protocol,seed,runtime_seconds,peak_gpu_memory_bytes,completed_epochs,checkpoint_sha256,status
CorrectedOpenDetectNet_DQ3F_DQ4,A,2022,296.8434772491455,2127713792,100,a385c27dcd8a5426a75fbadb2ada0449ebf24c7ffdc6c727c4a34de2e966108a,SUCCESS
CorrectedOpenDetectNet_DQ3F_DQ4,A,2023,141.49263095855713,2127713792,94,1406898d027c38c2f6a22abcf364db7912057e524eab2d9a33276c191ff9a9f1,SUCCESS
CorrectedOpenDetectNet_DQ3F_DQ4,A,2024,142.1812334060669,2127713792,94,de4bda29206989215c816f3828af994e0c73f1f80a564b116c6c130d6c74bf37,SUCCESS
CorrectedOpenDetectNet_DQ3F_DQ4,C_FINAL,2022,77.38455700874329,,96,0c081d2ebd61300dc8b2a47703be71bc918934c1b3e64a3014ac332566d25cd6,SUCCESS
CorrectedOpenDetectNet_DQ3F_DQ4,C_FINAL,2023,80.21921563148499,,100,9d26794eabdaeaf828c1ab6c065a8ade705971fc9decbf60f013ade3ef18dd9e,SUCCESS
CorrectedOpenDetectNet_DQ3F_DQ4,C_FINAL,2024,72.08127880096436,,91,1a16d81171f6f62f4f4811e4072c5966b7589fdce9fefcf642cbfd775de37836,SUCCESS
OpenDetect-Service6-new-baseline,A/C,2022,,,,,NOT_RUN_IDENTITY_GATE
OpenDetect-Service6-new-baseline,A/C,2023,,,,,NOT_RUN_IDENTITY_GATE
OpenDetect-Service6-new-baseline,A/C,2024,,,,,NOT_RUN_IDENTITY_GATE
