replicate,delta_unknown_far_multi_minus_single,delta_auroc_multi_minus_single,delta_auprc_multi_minus_single
0,0.09647058823529409,-0.01473201336047203,-0.011011820442748094
1,0.10352941176470587,-0.016613225594434566,-0.018676593877836295
2,0.10000000000000009,-0.015599881033539376,-0.017821575186078437
3,0.10235294117647054,-0.01498140231103362,-0.005689141415530313
4,0.10000000000000003,-0.015254143937177833,-0.008739490140067724
5,0.09882352941176475,-0.01507625725640327,-0.010936385169759477
6,0.10588235294117643,-0.014715808463998559,-0.019328750239199055
7,0.09176470588235297,-0.014937830232902627,-0.0103351120867885
8,0.1011764705882352,-0.015243079566776063,-0.017998036149918906
9,0.10823529411764704,-0.01610005422031069,-0.01621677937929583
10,0.0811764705882353,-0.015209127616007456,-0.01158156115662018
11,0.10705882352941176,-0.015820825739837896,-0.013286822092885231
12,0.09529411764705886,-0.015369536508138437,-0.011766672545044876
13,0.09764705882352942,-0.01495038780373481,-0.010225764315241664
14,0.08705882352941174,-0.014919618083391706,-0.015000977439665913
15,0.09411764705882353,-0.015509456732069604,-0.013663936050053477
16,0.09529411764705875,-0.015409706047584182,-0.007804511052454111
17,0.09176470588235286,-0.016114937267222906,-0.015206116532867575
18,0.10117647058823531,-0.015273090447556315,-0.015894787367739
19,0.09411764705882358,-0.014138160205718897,-0.010298459618221817
20,0.09176470588235297,-0.014938540115074339,-0.013362542162937113
21,0.11058823529411765,-0.015626048759113775,-0.005034369291324697
22,0.10235294117647054,-0.01564122555037295,-0.014294313882716403
23,0.1047058823529411,-0.015214415014252802,-0.02069504504054706
24,0.11411764705882355,-0.014919373296435667,-0.013277266903575446
25,0.08823529411764708,-0.01568861630501428,-0.01628949016124112
26,0.09999999999999998,-0.015635717843867414,-0.0170022706486766
27,0.09647058823529409,-0.014650009730281521,-0.007717722034302321
28,0.10470588235294115,-0.015752211956129303,-0.0038736277487933235
29,0.08941176470588241,-0.014960546462400193,-0.013052104744997184
30,0.10705882352941176,-0.01614414035104894,-0.016267816043005145
31,0.10117647058823531,-0.015939278147746094,-0.018628546385389272
32,0.0894117647058823,-0.014598016980871154,-0.01676642453165375
33,0.09411764705882353,-0.01489856640519338,-0.012067020842187248
34,0.07647058823529418,-0.016097606350752747,-0.01829522353261598
35,0.11294117647058832,-0.01596081939985583,-0.01646304068600249
36,0.09764705882352942,-0.015497315299062286,-0.014431202459536469
37,0.10352941176470587,-0.01537981756028195,-0.011879136747412866
38,0.09764705882352942,-0.0158207033463601,-0.013402870711823583
39,0.11294117647058832,-0.015394945394149873,-0.015417664538608211
40,0.12352941176470589,-0.015238942667223143,-0.009472998237863323
41,0.0894117647058823,-0.016125463106322013,-0.011391315061237778
42,0.09764705882352931,-0.015522259089857715,-0.01764786372297425
43,0.09882352941176464,-0.015891275425715112,-0.019620173208584973
44,0.0894117647058823,-0.014720434937463112,-0.010229080095774168
45,0.08352941176470585,-0.01652439240817738,-0.012499391285074102
46,0.10823529411764704,-0.014551825682313058,-0.012311986636539957
47,0.10588235294117643,-0.014961256344571905,-0.01290729977983518
48,0.08470588235294119,-0.0148581031214009,-0.011140297907385716
49,0.11411764705882355,-0.015373697886386983,-0.02069151729186261
50,0.11764705882352944,-0.015195664333438996,-0.007667703316416058
51,0.09058823529411764,-0.015091409568966818,-0.008303416078083409
52,0.09176470588235297,-0.015893845688750963,-0.019715193613773718
53,0.10705882352941176,-0.015829711506333277,-0.017172169482937177
54,0.11058823529411765,-0.015316784919165216,-0.009616637769839953
55,0.10705882352941176,-0.015466227355676598,-0.015692034450968978
56,0.10588235294117643,-0.015576234613609907,-0.015345631334266113
57,0.10705882352941176,-0.015357639862087047,-0.010444433988416407
58,0.09764705882352942,-0.015585365167060883,-0.015122040068010156
59,0.10470588235294115,-0.014168660660410781,-0.013605980047751959
60,0.08352941176470585,-0.014807774923289885,-0.005549459162738385
61,0.11058823529411765,-0.015993425022367336,-0.00812017459617509
62,0.09882352941176475,-0.016135964466725494,-0.0173671767477728
63,0.08823529411764708,-0.01499241772404436,-0.004410884238372881
64,0.09764705882352942,-0.015171626254380177,-0.017166949313407898
65,0.07176470588235295,-0.014835313455816679,-0.010346600712300508
66,0.10235294117647065,-0.014995918177512224,-0.014677016236909896
67,0.10117647058823531,-0.015884568263126342,-0.014497862128708933
68,0.0894117647058823,-0.01523326360984889,-0.013733744381921903
69,0.09411764705882353,-0.015466986195239563,-0.01623169702009422
70,0.10235294117647065,-0.015320970776109277,-0.012629062204032537
71,0.09647058823529409,-0.014707338835328154,-0.012342884774085877
72,0.0929411764705882,-0.015446448569648497,-0.007241941228159826
73,0.10352941176470587,-0.014543919063641053,-0.017594921542757436
74,0.09411764705882353,-0.01541837150581915,-0.01569927121593348
75,0.128235294117647,-0.016815493056005937,-0.017175785566307944
76,0.08823529411764708,-0.015939841157744383,-0.007907749144728055
77,0.10117647058823531,-0.0157488828535306,-0.020089245255868665
78,0.10588235294117654,-0.015356513842090358,-0.018466811199703725
79,0.09647058823529409,-0.01536304965381008,-0.01576248027394561
80,0.09176470588235286,-0.015205382375583998,-0.01566424951227327
81,0.12235294117647061,-0.01513600975231233,-0.018555519671203474
82,0.08588235294117641,-0.016070361562573132,-0.01247190748748167
83,0.10941176470588232,-0.015469213756537314,-0.01659857168789608
84,0.10352941176470587,-0.01570342591583973,-0.011885465547561147
85,0.09529411764705886,-0.01557280759622881,-0.02054022278144854
86,0.10235294117647065,-0.015399057815007167,-0.008141887513355955
87,0.10352941176470587,-0.01542468700927857,-0.016435633969195812
88,0.09764705882352942,-0.014823318894982784,-0.015837673057796653
89,0.07647058823529418,-0.015192947198229723,-0.015877557227510497
90,0.10941176470588232,-0.015157257260075108,-0.00820249063902509
91,0.08235294117647063,-0.01596360997115176,-0.011471306394276765
92,0.08705882352941174,-0.01635262540129756,-0.01439381089040645
93,0.09058823529411764,-0.014445514707412288,-0.006257748736354679
94,0.09882352941176464,-0.013781921748953763,-0.011447151006416828
95,0.09058823529411764,-0.014787555520741291,-0.011765692786999682
96,0.0894117647058823,-0.0147988646780991,-0.00776076088250971
97,0.09882352941176475,-0.016439108632779087,-0.015484311780785742
98,0.09882352941176475,-0.015616599982620105,-0.01898390019203039
99,0.09411764705882353,-0.014511998844605523,-0.013272937083343317
100,0.1047058823529412,-0.014979982546689974,-0.016837065021314157
101,0.12235294117647055,-0.015177133960885492,-0.01610741247353309
102,0.10235294117647054,-0.015047910926922481,-0.010070403956514123
103,0.09764705882352931,-0.017038420536646393,-0.024216750481323823
104,0.08823529411764708,-0.016054474889142023,-0.014644681265600756
105,0.1082352941176471,-0.015490657093864768,-0.014684764353010082
106,0.09999999999999998,-0.014903168399962308,-0.01392915647897186
107,0.1047058823529412,-0.015502896441654479,-0.018036189433685512
108,0.0894117647058823,-0.015293285371409171,-0.01265124243825888
109,0.09411764705882353,-0.01559863262006489,-0.016786533722258357
110,0.12235294117647061,-0.015753313497430255,-0.016732225175573573
111,0.10352941176470587,-0.01594292547338738,-0.01850213554954727
112,0.11882352941176472,-0.014909483903421838,-0.01451496880195799
113,0.10588235294117643,-0.015911421392176717,-0.01584199316233134
114,0.0964705882352942,-0.015696792189337838,-0.015051392880703202
115,0.12352941176470589,-0.016202815784352453,-0.011779895774861687
116,0.10823529411764699,-0.01576631168478293,-0.017511597384071625
117,0.10117647058823531,-0.016631486701336518,-0.010526723077310424
118,0.10352941176470587,-0.01497329986279683,-0.012241576890412775
119,0.10941176470588238,-0.014319547339961325,-0.008199155077573683
120,0.12352941176470589,-0.01679037791434157,-0.01664753347861045
121,0.1070588235294117,-0.015460964436127211,-0.012832731049954305
122,0.11294117647058821,-0.016718753251076746,-0.015113795659775303
123,0.0929411764705883,-0.015088570040279747,-0.015209100106693213
124,0.12117647058823533,-0.015933574611675994,-0.009954486851476263
125,0.10588235294117643,-0.015624971696508339,-0.020818016303431663
126,0.09764705882352942,-0.015566761358420722,-0.013592846506636863
127,0.11529411764705888,-0.015660832985531892,-0.008411840851573815
128,0.09411764705882353,-0.014699040557526799,-0.010255420729772896
129,0.11882352941176466,-0.016415584606327527,-0.01913441397570939
130,0.10588235294117654,-0.01566989010289621,-0.017193130512850097
131,0.09411764705882353,-0.014774018802086175,-0.007912795554002372
132,0.08705882352941174,-0.015107467593266866,-0.02003407222127132
133,0.10117647058823531,-0.015614690644364937,-0.013884105314283163
134,0.08470588235294119,-0.016071169359527127,-0.01698280431326804
135,0.09999999999999998,-0.014297957130460337,-0.018184948670554646
136,0.11882352941176472,-0.01597506600068288,-0.01728356494444558
137,0.09999999999999998,-0.01570455193583642,-0.011673331926030761
138,0.0929411764705883,-0.015423095894065986,-0.017261775229324566
139,0.10000000000000003,-0.014896828417807262,-0.015336843443271186
140,0.06941176470588228,-0.014541544630169767,-0.014190511616665263
141,0.10235294117647065,-0.01676288833920625,-0.023399060693620355
142,0.10235294117647054,-0.015075792161187374,-0.011355311152422443
143,0.09647058823529409,-0.014535792136708525,-0.009248924713138512
144,0.1164705882352941,-0.016256032468541792,-0.02162898692867682
145,0.10117647058823531,-0.015413255458443076,-0.008702487175123674
146,0.128235294117647,-0.015982213779792143,-0.0173835346579001
147,0.09529411764705875,-0.01550534431121231,-0.011615678657750206
148,0.10000000000000009,-0.01585707868799091,-0.01839135743182793
149,0.10235294117647065,-0.0156404911895055,-0.014904568342911068
150,0.11411764705882355,-0.016231994389483084,-0.012370451419580736
151,0.11882352941176466,-0.015575426816655802,-0.015207607220892067
152,0.11529411764705888,-0.016505347983016727,-0.011084807509078393
153,0.08823529411764708,-0.015464073230465725,-0.014385476744553566
154,0.10588235294117654,-0.015592806690517103,-0.019052911274834716
155,0.11529411764705877,-0.015540813941106735,-0.015960100350377232
156,0.10705882352941187,-0.016097777701621907,-0.01671976185576865
157,0.08588235294117652,-0.01564519109905671,-0.016251648107214273
158,0.09882352941176464,-0.01520291002733043,-0.007487744541709113
159,0.11411764705882355,-0.016500280893031793,-0.02004910235591212
160,0.1047058823529411,-0.015504169333824591,-0.015975230725066125
161,0.10588235294117643,-0.01615606147579607,-0.018402353132393412
162,0.1317647058823529,-0.016416221052412583,-0.017073653828719698
163,0.12823529411764711,-0.01534667340646756,-0.016395308535554654
164,0.10235294117647054,-0.016074645334299476,-0.01177012877938241
165,0.10352941176470587,-0.015253507491092888,-0.01685948560387182
166,0.10117647058823531,-0.016734272744073908,-0.021747177172842497
167,0.1047058823529412,-0.016055870174790154,-0.019325560915534695
168,0.09764705882352942,-0.01596769791331365,-0.010997295380823252
169,0.10235294117647065,-0.015926622662131518,-0.013362133085721595
170,0.0929411764705882,-0.015663599078132417,-0.01274836560983647
171,0.10235294117647054,-0.014939568220288635,-0.01540707114259382
172,0.09999999999999998,-0.016207662566077197,-0.013735506410290393
173,0.07882352941176463,-0.01595342683379075,-0.011701630656761386
174,0.08235294117647052,-0.014392665203656563,-0.015887462094269805
175,0.09999999999999998,-0.015071875569894755,-0.00779582785507657
176,0.10000000000000009,-0.016094840258152332,-0.01702637867795248
177,0.10941176470588232,-0.015531707866351274,-0.017380528617038454
178,0.09529411764705875,-0.015102449460673184,-0.016018440596717004
179,0.0929411764705882,-0.015389902782860454,-0.008626871188089552
180,0.09882352941176464,-0.015301461255732618,-0.014594664673831192
181,0.09176470588235297,-0.01527847576058361,-0.021941694105221038
182,0.1047058823529412,-0.01665383575040047,-0.016986316649739874
183,0.09176470588235297,-0.014771938112961958,-0.010673325584090926
184,0.10588235294117654,-0.01558717659053388,-0.01951000160001415
185,0.10352941176470587,-0.015513128536406628,-0.010786444500427594
186,0.09176470588235286,-0.015924223749964828,-0.01457417771296804
187,0.09999999999999998,-0.01558365165837039,-0.019597724339371014
188,0.10588235294117643,-0.015475969876517226,-0.01142434550281926
189,0.09176470588235297,-0.016358353416063176,-0.0205022475345161
190,0.0894117647058823,-0.01507620829901224,-0.012262039970491717
191,0.09764705882352942,-0.015052684272560457,-0.010230604741508553
192,0.09764705882352942,-0.01657065714282213,-0.011201499945257293
193,0.08941176470588241,-0.014570282618779795,-0.013598650127973871
194,0.10470588235294115,-0.014682909097140096,-0.012082187997564359
195,0.10352941176470598,-0.015762321657403544,-0.01619964720471817
196,0.08470588235294119,-0.01478192542075818,-0.014172478296975738
197,0.09411764705882353,-0.01605288377392955,-0.016950228057072914
198,0.11176470588235299,-0.016269618144588383,-0.011986304333711867
199,0.1047058823529412,-0.01490013304171045,-0.015678109076106506
200,0.10705882352941176,-0.015179386000878758,-0.014161312588006097
201,0.09176470588235297,-0.016732681628861212,-0.018584110649007612
202,0.08470588235294119,-0.015441773138792914,-0.0174807773307164
203,0.09411764705882353,-0.014739087703494524,-0.017652862062490338
204,0.10235294117647054,-0.014850857427509467,-0.00874375863431584
205,0.10823529411764699,-0.015890100448327282,-0.017070027361821227
206,0.10117647058823531,-0.01590429809176319,-0.010926958295554984
207,0.09882352941176475,-0.015285476667519449,-0.01333888955252599
208,0.08705882352941174,-0.01505731074602501,-0.009251803965826144
209,0.08705882352941174,-0.015234340672454327,-0.010776939583299644
210,0.09764705882352942,-0.01566509227856261,-0.017678552682435733
211,0.11529411764705882,-0.015702446768016576,-0.02485620797970317
212,0.09529411764705886,-0.01580633435205503,-0.01806328215834302
213,0.12117647058823533,-0.01571958185492206,-0.015577898558901682
214,0.08823529411764697,-0.015037776746952725,-0.016431613176201787
215,0.0929411764705882,-0.015906060557845048,-0.017927430892524132
216,0.10235294117647065,-0.0153935011511106,-0.01752355931544536
217,0.09882352941176475,-0.01565620651206734,-0.01226145498595152
218,0.10117647058823531,-0.015821168441575995,-0.010096058035329092
219,0.09999999999999998,-0.015641029720808275,-0.017462246115055174
220,0.10705882352941176,-0.01617170336227125,-0.014429012480118353
221,0.08941176470588241,-0.014695148444929695,-0.011967086315736702
222,0.10117647058823531,-0.01579754650034204,-0.010869901491602746
223,0.10705882352941176,-0.015577238240128577,-0.0035068047109585443
224,0.08823529411764708,-0.014936997957252895,-0.017386748109248895
225,0.1082352941176471,-0.015558756824966213,-0.022021268135629435
226,0.10588235294117648,-0.014534421329756242,-0.012251997791552421
227,0.11294117647058832,-0.01588011314053095,-0.016788234463733953
228,0.08941176470588241,-0.014860404118785309,-0.011238699161664756
229,0.11764705882352938,-0.015275464881027268,-0.0064324500741279045
230,0.09764705882352942,-0.0161234068958932,-0.014376576214363584
231,0.0894117647058823,-0.01552921103940208,-0.00781542731986945
232,0.10941176470588232,-0.01615258550102383,-0.01642927135354763
233,0.09411764705882353,-0.014940571846807416,-0.014111805356903068
234,0.10941176470588243,-0.016074914599950918,-0.01680195077590671
235,0.10941176470588232,-0.015627737789108642,-0.015596294039025405
236,0.08823529411764708,-0.015346061439078018,-0.01764530455501767
237,0.08705882352941174,-0.015499958998185015,-0.011106955969834992
238,0.11411764705882355,-0.016272726938926896,-0.010136590370752735
239,0.10705882352941176,-0.015380772229409367,-0.016321216028989227
240,0.1082352941176471,-0.015408114932371597,-0.014657542466901263
241,0.09999999999999998,-0.015194171133008694,-0.008206251048302221
242,0.08823529411764708,-0.015674687927229702,-0.014703514101817444
243,0.09882352941176475,-0.015574521104919414,-0.01582062826663455
244,0.09411764705882353,-0.015002062330102484,-0.015244325151739846
245,0.08941176470588241,-0.014973740479317321,-0.008713783179353896
246,0.11529411764705888,-0.0158695383440407,-0.021467020441195306
247,0.11176470588235299,-0.015344641674734372,-0.02082400906756776
248,0.09411764705882353,-0.015005146645745593,-0.010343953635832154
249,0.09058823529411764,-0.015290764065764462,-0.00836846773133304
250,0.10000000000000003,-0.014876927238301363,-0.007476469625818716
251,0.1164705882352941,-0.016189670724826355,-0.0187142605482771
252,0.09647058823529409,-0.016064853856067707,-0.015158181657151854
253,0.0929411764705883,-0.015563383298430766,-0.017836041229803146
254,0.10588235294117654,-0.016099417774225633,-0.012731139934117341
255,0.09529411764705886,-0.015290690629677806,-0.015582844955798897
256,0.12823529411764711,-0.01657068162151787,-0.01948337923113827
257,0.10470588235294115,-0.014997411377942527,-0.004101438964698223
258,0.12823529411764711,-0.016519423232974728,-0.015909797246118684
259,0.11294117647058821,-0.015514866523792636,-0.02273665209217715
260,0.10941176470588232,-0.01671801889020952,-0.025203424591235313
261,0.11529411764705888,-0.01589391912483762,-0.008875401051282622
262,0.10705882352941176,-0.016451494852742332,-0.012790697042791094
263,0.10705882352941176,-0.01565838511597384,-0.018730596314252362
264,0.08470588235294119,-0.014553147531874422,-0.01265776693422982
265,0.10705882352941176,-0.015155029698777356,-0.020927366143371928
266,0.0894117647058823,-0.016358622681714396,-0.011797311557900453
267,0.09764705882352942,-0.015364812119891824,-0.014580348812931881
268,0.10352941176470593,-0.014914648908189054,-0.01029897074453906
269,0.11058823529411765,-0.0161459272958262,-0.01588689040241109
270,0.0929411764705882,-0.015329122181737098,-0.017520517349681963
271,0.09764705882352936,-0.014793283535507018,-0.015730149695174556
272,0.11058823529411765,-0.015580616300118644,-0.007585336147335059
273,0.10352941176470598,-0.01575581032437945,-0.01852186999294289
274,0.09529411764705886,-0.015239750464177249,-0.014504541020081835
275,0.09176470588235297,-0.015012661605288358,-0.01531025503285402
276,0.10352941176470587,-0.01631267617011234,-0.016928577939840206
277,0.0929411764705882,-0.01621503065344665,-0.017405493415298845
278,0.10117647058823531,-0.015502039687309122,-0.0008531941485413752
279,0.10705882352941176,-0.015608619927861334,-0.015140857897075505
280,0.11411764705882355,-0.0163984005620309,-0.012471649863738221
281,0.11764705882352944,-0.015013958976153985,-0.018797226064198896
282,0.09764705882352942,-0.016008405984061946,-0.012750121339931864
283,0.09764705882352942,-0.015506274501644435,-0.011854037788942423
284,0.09411764705882353,-0.015915974429554614,-0.012930771778887351
285,0.0929411764705883,-0.01599026727063768,-0.008738859290206985
286,0.10352941176470598,-0.014217985232002905,-0.0017967721931519687
287,0.08705882352941174,-0.015743693370067757,-0.014263606596117223
288,0.11294117647058832,-0.015549308048472654,-0.013081786670579049
289,0.10117647058823531,-0.014835093147556377,-0.00821115251917981
290,0.0929411764705883,-0.015426180209708984,-0.010595026937242458
291,0.11176470588235299,-0.016741175736227465,-0.01457015285545063
292,0.09058823529411764,-0.015328608129130061,-0.015237343600554398
293,0.09529411764705886,-0.015351887368625916,-0.013706106838681148
294,0.09176470588235297,-0.01589487379396526,-0.01280698710959044
295,0.09882352941176475,-0.01547812400172821,-0.01993760007024814
296,0.09411764705882353,-0.015974600905466874,-0.017981467978341853
297,0.08588235294117652,-0.01501410584832763,-0.008526087517648162
298,0.1047058823529412,-0.01502712851437571,-0.014185466527655594
299,0.09529411764705886,-0.015401089546740243,-0.012399356219588209
300,0.09882352941176475,-0.016066861109105157,-0.014123300088209584
301,0.09999999999999998,-0.016348341629571217,-0.015953006626019534
302,0.09647058823529409,-0.014939054167681598,-0.011541592487390617
303,0.0929411764705882,-0.015929560105601093,-0.013047602769157618
304,0.07647058823529418,-0.015747732354838284,-0.014008765696354175
305,0.09529411764705886,-0.01589827633265073,-0.012694949542135098
306,0.09058823529411775,-0.014201339719009054,-0.00958587130521929
307,0.08705882352941186,-0.015480229169547943,-0.014658551203686226
308,0.11176470588235299,-0.016002482139731655,-0.01523648000979827
309,0.10588235294117648,-0.014980325248428183,-0.018208018468197723
310,0.11176470588235299,-0.016196622674370942,-0.015505241594253705
311,0.1164705882352941,-0.015569625365803419,-0.0218322662801472
312,0.08588235294117641,-0.015260777663679947,-0.013208244538300884
313,0.11647058823529416,-0.015177280833058915,-0.015830309988235258
314,0.10235294117647065,-0.0154682835661053,-0.017018712694560567
315,0.11058823529411765,-0.015200657987337052,-0.01487659360770252
316,0.08823529411764708,-0.015751232808306148,-0.011903827076506751
317,0.0894117647058823,-0.014650034208977036,-0.01272524475975334
318,0.09882352941176475,-0.015380502963758036,-0.01924191459590177
319,0.09058823529411764,-0.015365154821629923,-0.012323933767080214
320,0.12352941176470589,-0.015508673413811125,-0.013859826773277545
321,0.11529411764705888,-0.015085265416376448,-0.010511899075424658
322,0.11764705882352944,-0.015090210112883473,-0.008934582526199775
323,0.10588235294117648,-0.014878958970034328,-0.012924301613795874
324,0.11294117647058821,-0.016551172101140987,-0.011591078580054454
325,0.09999999999999998,-0.015684920021981963,-0.01261150218636195
326,0.11411764705882355,-0.015143647105333113,-0.014934227300870961
327,0.1047058823529412,-0.015878228280971296,-0.015727133726600534
328,0.08235294117647052,-0.015502162080786919,-0.013427508568816499
329,0.11058823529411765,-0.015864422296664737,-0.01836701958671133
330,0.1164705882352941,-0.01596948485809091,-0.015727407907616647
331,0.11411764705882355,-0.015655276321635436,-0.014530570001034804
332,0.09529411764705886,-0.013866495642180232,-0.007451546023154398
333,0.09882352941176464,-0.01624966800769112,-0.013453789913130398
334,0.09058823529411769,-0.014588445810899575,-0.010139178688066852
335,0.1047058823529412,-0.016350985328693723,-0.01627315454696962
336,0.12235294117647066,-0.016021673437065842,-0.009881945577180057
337,0.10117647058823526,-0.014751987976064695,-0.02039469546177508
338,0.0929411764705883,-0.015421357906679867,-0.019597793898178006
339,0.10235294117647065,-0.01640567073461785,-0.019190872764987682
340,0.09764705882352931,-0.014809292602415813,-0.0024405146547042122
341,0.0929411764705882,-0.015664602704651198,-0.009871095964777643
342,0.10117647058823531,-0.01649447944217941,-0.02011174655346229
343,0.09764705882352942,-0.014797322520277434,-0.009845727809533106
344,0.0964705882352942,-0.016478543811357382,-0.01531092145061047
345,0.11411764705882355,-0.016688864763774514,-0.014544697531885226
346,0.1082352941176471,-0.015552025183682039,-0.010062048265429335
347,0.11058823529411765,-0.016251699739424197,-0.01541967566501315
348,0.08941176470588241,-0.015267533783659748,-0.017584265482905287
349,0.09058823529411764,-0.014963361512391637,-0.014548479145222865
350,0.11411764705882355,-0.015989508431074717,-0.012334574726002467
351,0.11176470588235299,-0.015945373342945213,-0.02132073923613917
352,0.10705882352941176,-0.01638001706165082,-0.01913999897350352
353,0.1082352941176471,-0.015541327993713772,-0.017832458048362615
354,0.08588235294117652,-0.01460815116084091,-0.00820236845953573
355,0.12,-0.017400019827743307,-0.018698972782541512
356,0.10117647058823531,-0.01606617570562907,-0.01545961382036587
357,0.10941176470588232,-0.01656938425065213,-0.01555981624492056
358,0.11529411764705877,-0.015934015228196485,-0.01759318191909695
359,0.08823529411764697,-0.015273922723205935,-0.011265515000195153
360,0.08470588235294119,-0.015099879197637334,-0.011248319655800032
361,0.12235294117647055,-0.015555574594541044,-0.01255128732544275
362,0.10705882352941176,-0.015417979846689911,-0.01543219917271213
363,0.09999999999999998,-0.015622474869559255,-0.016073717225255663
364,0.12117647058823533,-0.016244600917706298,-0.019044831526076555
365,0.10235294117647065,-0.014979395057996059,-0.00716113072424604
366,0.09764705882352942,-0.015819503890276754,-0.015147196544657793
367,0.11176470588235299,-0.015979300815018194,-0.011023466256164766
368,0.10941176470588232,-0.015505809406428317,-0.01729953685937377
369,0.10941176470588243,-0.015497535607322588,-0.006264128027970023
370,0.09529411764705875,-0.016256840265495898,-0.0171904928298498
371,0.11999999999999994,-0.015650037880781342,-0.01635061130966506
372,0.10117647058823531,-0.016269667101979524,-0.019942815108002415
373,0.09999999999999998,-0.01463767246770964,-0.010466486693301746
374,0.0929411764705882,-0.014945638936792238,-0.018032688086086185
375,0.09411764705882353,-0.015325621728269345,-0.013168381720480293
376,0.09176470588235297,-0.015621911859560855,-0.013204381544996174
377,0.10235294117647065,-0.01579935792381504,-0.017613243957043445
378,0.10117647058823531,-0.01588659999485942,-0.013878572366845615
379,0.09882352941176464,-0.015689595452837435,-0.015816738700929145
380,0.1047058823529412,-0.015156327069643094,-0.01502161951512268
381,0.0929411764705883,-0.01635580763172284,-0.0201576121546877
382,0.0929411764705882,-0.01580408231206165,-0.01852675112112903
383,0.10705882352941176,-0.015282318915789572,-0.020930295949968397
384,0.0894117647058823,-0.015513471238144616,-0.016673756918519855
385,0.0929411764705883,-0.015559833887571872,-0.016911413961669314
386,0.08941176470588241,-0.01604186836091881,-0.014416649797990594
387,0.0929411764705883,-0.015943904621210536,-0.009201856648625079
388,0.0811764705882353,-0.015133978020579142,-0.010423013969942135
389,0.0929411764705883,-0.016810377008629973,-0.023089895840256724
390,0.11058823529411765,-0.015540471239368525,-0.013616750209020229
391,0.11058823529411765,-0.015602720562226668,-0.01694255067323211
392,0.10588235294117643,-0.015111212833690435,-0.007879850707269237
393,0.09882352941176464,-0.01543173687360544,-0.01577858270996982
394,0.09058823529411764,-0.015186435865205627,-0.012366272762070307
395,0.0894117647058823,-0.014449553692182815,-0.015832234061955386
396,0.08470588235294119,-0.01591438331434203,-0.014569847905600508
397,0.10117647058823531,-0.015772260007808736,-0.011256372680646803
398,0.10117647058823531,-0.01469718017666266,-0.016137543690669998
399,0.12235294117647055,-0.015894580049618412,-0.01326631119464125
400,0.09411764705882353,-0.015422483926676445,-0.00791944958413024
401,0.0894117647058823,-0.0154860061417047,-0.015664294912467097
402,0.07999999999999996,-0.014993715094909987,-0.01399143487314472
403,0.09647058823529409,-0.016937299045208465,-0.020048643143035005
404,0.09647058823529409,-0.015541376951104913,-0.011920449353034324
405,0.10705882352941176,-0.015233924534629462,-0.01129390933825028
406,0.08705882352941174,-0.015078215552049579,-0.012432425207237086
407,0.11411764705882355,-0.016045760473515802,-0.020489090552566425
408,0.1047058823529412,-0.0144522708273922,-0.010251195851719463
409,0.11058823529411765,-0.01588402973182368,-0.016899042858177005
410,0.1082352941176471,-0.01607985929645772,-0.01189347434178209
411,0.09529411764705886,-0.01640980763417088,-0.015078611178816093
412,0.0811764705882353,-0.01531296624265488,-0.01604345880108274
413,0.09529411764705875,-0.016497857502169366,-0.01680988337757308
414,0.08352941176470596,-0.015375289001599679,-0.00047488044924276496
415,0.09058823529411764,-0.014903560059091658,-0.014710443734716583
416,0.09764705882352942,-0.015739629906601493,-0.01886338124186357
417,0.09647058823529409,-0.015044973483453017,-0.013330032342268372
418,0.09529411764705875,-0.015964466725497117,-0.012970014375455002
419,0.11764705882352933,-0.014757618076048029,-0.004497565189677283
420,0.10352941176470587,-0.015506421373817858,-0.009003624076727362
421,0.0929411764705882,-0.01579553924730459,-0.015170452128143552
422,0.09647058823529409,-0.016016973527514633,-0.018859231899271606
423,0.11058823529411765,-0.015551511131074891,-0.009341911323023283
424,0.08352941176470585,-0.014814800308921128,-0.008772919871793988
425,0.08823529411764697,-0.015888754120070403,-0.02015474963171826
426,0.12117647058823533,-0.01612240326937453,-0.013550146190486168
427,0.1047058823529412,-0.015004069583140045,-0.013996802451538143
428,0.1082352941176471,-0.015727733260550103,-0.012876941146235887
429,0.10235294117647054,-0.015832746864585023,-0.015762708575761952
430,0.09999999999999998,-0.01592867887256022,-0.019636371266050584
431,0.09411764705882353,-0.01555726362453591,-0.015747666206993693
432,0.10588235294117643,-0.015579269971861764,-0.014879628768699998
433,0.11176470588235293,-0.015486936332136825,-0.01692672342313814
434,0.10705882352941176,-0.016132170268910673,-0.011604755282942775
435,0.09764705882352942,-0.014709419524452372,-0.013737844459673937
436,0.10705882352941176,-0.015551535609770406,-0.014574737161308665
437,0.11294117647058832,-0.015426008858840046,-0.01658360446550608
438,0.12235294117647066,-0.015752309870911585,-0.017988680715361915
439,0.12235294117647055,-0.015550825727598583,-0.0220346534155553
440,0.10352941176470587,-0.01554140142980065,-0.010305801281455057
441,0.10588235294117654,-0.015962630823328605,-0.018258086363363013
442,0.09058823529411764,-0.01550316570730581,-0.012467967579479738
443,0.10000000000000009,-0.014827162050188636,-0.021892036187963287
444,0.10352941176470593,-0.014818472113258152,-0.012245635248959164
445,0.10117647058823531,-0.01537785926463553,-0.01836478904865907
446,0.09882352941176475,-0.015487597256917396,-0.006163584093996283
447,0.10235294117647065,-0.015992715140195513,-0.01736182897073979
448,0.09529411764705886,-0.01608673780991554,-0.02019828308966587
449,0.10235294117647065,-0.01600794088884594,-0.019931453353744383
450,0.09176470588235297,-0.016042382413525957,-0.01427293160631457
451,0.11058823529411771,-0.015502529261220643,-0.013416395756133098
452,0.10235294117647065,-0.015001230054452863,-0.010988679111119781
453,0.10588235294117643,-0.015804253662930923,-0.013199862654340394
454,0.10235294117647065,-0.015934186579065646,-0.014939680970874225
455,0.10117647058823531,-0.01627118478110534,-0.016830241947461688
456,0.09999999999999998,-0.015379279028979176,-0.018247414131399686
457,0.10823529411764699,-0.015592366073996722,-0.01771581136807171
458,0.11294117647058821,-0.016260218325485853,-0.015119725029244857
459,0.10588235294117643,-0.015483240049104285,-0.012676452228377294
460,0.12,-0.014931490250747581,-0.017242102395902792
461,0.09882352941176475,-0.015141492980122018,-0.01422511244800051
462,0.09764705882352942,-0.015873381499246664,-0.017503407320313275
463,0.11529411764705888,-0.015960745963769174,-0.01381046463587704
464,0.09058823529411764,-0.015055768588203566,-0.012275386619758188
465,0.09999999999999998,-0.015732849307926067,-0.009794635269642415
466,0.10941176470588232,-0.015263347926715576,-0.014734931965477482
467,0.10705882352941176,-0.01584070244064839,-0.011209507599134583
468,0.10705882352941176,-0.016422536555872003,-0.015595691437297388
469,0.09999999999999998,-0.015455554644404068,-0.010745634278138877
470,0.10117647058823531,-0.016151826661460866,-0.017173487009086774
471,0.1047058823529412,-0.01565613307598057,-0.007482157057668581
472,0.10117647058823531,-0.014866695143549102,-0.0051600045360497004
473,0.10235294117647065,-0.015897517493087876,-0.02322281511987595
474,0.09999999999999998,-0.015329636234344357,-0.011630880086757223
475,0.11176470588235288,-0.014769147541665806,-0.012417678540793259
476,0.11882352941176466,-0.01631769430270602,-0.014622656205211526
477,0.0929411764705882,-0.015907235535232767,-0.02126365305401351
478,0.08352941176470585,-0.015147514739234591,0.0002269235118979307
479,0.10941176470588243,-0.015546860178914712,-0.022841765519678814
480,0.09411764705882353,-0.015737989833997656,-0.007045062021397347
481,0.09647058823529409,-0.015377908222026782,-0.011764903382931235
482,0.11294117647058821,-0.015624996175203854,-0.015841689990576613
483,0.0929411764705883,-0.015163009753536238,-0.013266983224581586
484,0.09411764705882353,-0.014341798474242884,-0.008104385263356412
485,0.10235294117647054,-0.015561425002784568,-0.019646857975446325
486,0.10235294117647065,-0.015190254541715964,-0.01300739890299521
487,0.11294117647058832,-0.015331814838250857,-0.016383551399264368
488,0.10823529411764699,-0.01573030352358573,-0.01659068502378927
489,0.09764705882352942,-0.015610578223507643,-0.010111895210004551
490,0.08470588235294119,-0.015190132148238056,-0.01384641472114645
491,0.08823529411764708,-0.015454183837451785,-0.01580975212997815
492,0.07882352941176463,-0.015263347926715687,-0.010314917652594874
493,0.11176470588235299,-0.01542194539537367,-0.006745245790416687
494,0.09058823529411764,-0.015028842023066202,-0.007791744147957719
495,0.09529411764705886,-0.015015158432237552,-0.014929818282205798
496,0.10235294117647054,-0.014921527421646763,-0.00816260529682758
497,0.09882352941176464,-0.015318131247421984,-0.01971779935794199
498,0.10117647058823531,-0.014814628958052078,-0.011828522425777671
499,0.09529411764705886,-0.01532537694131364,-0.01601727622331947
500,0.09058823529411764,-0.01504764166127115,-0.012199893817440438
501,0.0929411764705882,-0.016695841192014615,-0.01710844510802048
502,0.09411764705882353,-0.015841240971951165,-0.013185875044837703
503,0.10352941176470587,-0.016244062386403524,-0.018641107969877196
504,0.11294117647058821,-0.015685483031980252,-0.012046044255651672
505,0.12352941176470589,-0.016575552881938016,-0.020336665393912712
506,0.08823529411764708,-0.015392326173722881,-0.019665843001206967
507,0.10941176470588232,-0.015927136714738777,-0.016299901653131582
508,0.0929411764705882,-0.016131998918041623,-0.013388694578812893
509,0.09764705882352942,-0.015575451295351428,-0.011826194487717462
510,0.09058823529411764,-0.014690203748422559,-0.009607767703713493
511,0.09999999999999998,-0.01618467707092819,-0.014206387514718005
512,0.09999999999999992,-0.014771056879920974,-0.01999866245288151
513,0.09764705882352942,-0.016012028831007608,-0.016307002034295193
514,0.09999999999999998,-0.015810153028565588,-0.015402537348011253
515,0.1011764705882352,-0.015914970803035944,-0.01879706246420812
516,0.09411764705882353,-0.016086223757308393,-0.01914238327117171
517,0.10352941176470587,-0.015717501165797843,-0.015192149019637946
518,0.10352941176470587,-0.016413846618941297,-0.010204032731908091
519,0.10000000000000009,-0.016719022516728188,-0.019222681106593947
520,0.08470588235294119,-0.015235564607233187,-0.016269645941307365
521,0.11529411764705877,-0.01513662171970176,-0.01599820638019389
522,0.07529411764705884,-0.015027446737418293,-0.009096573245025191
523,0.11294117647058821,-0.015422361533198536,-0.008973372651475325
524,0.10352941176470587,-0.015452788551803653,-0.009536954103108092
525,0.10588235294117654,-0.015941334358174686,-0.017057763149086747
526,0.09529411764705875,-0.016044512060041316,-0.010260591298812877
527,0.1047058823529411,-0.016290008898005803,-0.0169436348317471
528,0.10588235294117643,-0.01572925093967592,-0.014749776011665383
529,0.11882352941176477,-0.01622614398123956,-0.01884285650085879
530,0.1047058823529412,-0.015244474852424084,-0.011823128879245665
531,0.11176470588235299,-0.015969778602437867,-0.01634313955973224
532,0.11294117647058821,-0.016571024323255856,-0.016159491318089497
533,0.10941176470588243,-0.015703695181491173,-0.017510960918541735
534,0.09529411764705875,-0.01562837423519381,-0.018433232129872912
535,0.11058823529411765,-0.015767951757386767,-0.019621358808888684
536,0.11176470588235299,-0.015673855651580082,-0.0073471527832510986
537,0.09764705882352942,-0.016776620887426152,-0.020873266860410328
538,0.09764705882352942,-0.015446007953128227,-0.007511047341862392
539,0.09176470588235297,-0.014554616253609098,-0.009999976589501969
540,0.10941176470588232,-0.015786800352982855,-0.011543457325131679
541,0.10235294117647065,-0.015423120372761612,-0.016938056934771073
542,0.09882352941176475,-0.015594226454860638,-0.016046819733838064
543,0.09882352941176475,-0.016037192930063116,-0.01808771902309475
544,0.1164705882352941,-0.015397613571967894,-0.017974442828824766
545,0.09882352941176475,-0.0163585002882366,-0.010915159160140797
546,0.11176470588235288,-0.01612458187328103,-0.012797743318836569
547,0.11529411764705888,-0.015492419559946513,-0.014706338730720747
548,0.09882352941176464,-0.015484317111709722,-0.015550262926328717
549,0.09176470588235297,-0.015469287192624193,-0.01916290867332862
550,0.12117647058823533,-0.015360430433383088,-0.012462685006730895
551,0.08823529411764708,-0.0158020750590242,-0.017763271443570983
552,0.10941176470588232,-0.015076306213794521,-0.01311766923429078
553,0.0929411764705882,-0.015601129447014084,-0.012046113242410394
554,0.0929411764705883,-0.015034153900007063,-0.015576044745546996
555,0.11294117647058821,-0.01638902522162411,-0.02059674436314024
556,0.09529411764705886,-0.015020764053525038,-0.010277230306340313
557,0.09882352941176475,-0.01495866160284054,-0.009841422367988267
558,0.1047058823529411,-0.015727610867072195,-0.01869069433291584
559,0.11294117647058821,-0.0161914331909081,-0.012439215079909083
560,0.09882352941176475,-0.016596629038831745,-0.012705183063035558
561,0.10705882352941187,-0.016280437728034447,-0.018418137010613123
562,0.08823529411764708,-0.01520408500471826,-0.013450531890878886
563,0.09058823529411764,-0.0154019463010856,-0.003823026746224756
564,0.09411764705882353,-0.015507082298598429,-0.017045098161102307
565,0.08588235294117652,-0.015431908224474489,-0.010033493972191082
566,0.08352941176470585,-0.015637235522993453,-0.006146404458890309
567,0.10941176470588243,-0.015426131252317843,-0.008578752880033763
568,0.09647058823529409,-0.01586077497102334,-0.016915664563900062
569,0.09647058823529409,-0.015882414137915468,-0.013999420460024309
570,0.10588235294117654,-0.016098903721618485,-0.013121027053533157
571,0.10117647058823531,-0.014777005202946891,-0.010889685516026926
572,0.09999999999999998,-0.015013983454849611,-0.015027361674011641
573,0.10941176470588232,-0.015505417747299077,-0.013826149664963844
574,0.07999999999999996,-0.014924660694680902,-0.009341579980060466
575,0.08588235294117652,-0.015118580921059999,-0.012168127321229932
576,0.09529411764705886,-0.01598564079717324,-0.012731259569055353
577,0.09058823529411764,-0.014984046010156349,-0.010990597148812536
578,0.10117647058823531,-0.01572802700489695,-0.018945190199365997
579,0.08588235294117652,-0.014956801221976512,-0.005808048086001216
580,0.10470588235294115,-0.01543107594882498,-0.01037478846010556
581,0.09882352941176464,-0.016134275436730627,-0.011561993846766871
582,0.09058823529411764,-0.016474162124848646,-0.015938252623651866
583,0.1047058823529412,-0.015626881034763396,-0.01609065432480805
584,0.11411764705882355,-0.015714245499285906,-0.014797386338942786
585,0.10588235294117643,-0.014750886434763633,-0.007105713276550213
586,0.11882352941176466,-0.01681759822382589,-0.02153946208000701
587,0.11999999999999994,-0.01563351476126551,-0.020299435538339378
588,0.08588235294117641,-0.014629790327733039,-0.009766768739993048
589,0.09882352941176475,-0.016059346149562503,-0.015797631445451793
590,0.11294117647058821,-0.01571030442929766,-0.018072370595195425
591,0.10941176470588232,-0.01574609228223456,-0.007924948104597068
592,0.1047058823529412,-0.01569030533500937,-0.015519894250475008
593,0.08588235294117641,-0.014846304390131682,-0.010619383135183763
594,0.0964705882352942,-0.015406842040201374,-0.023534115153834773
595,0.09176470588235297,-0.015392130344158206,-0.011539131953668708
596,0.07176470588235295,-0.01536880214727121,-0.016386966923206986
597,0.09764705882352942,-0.015754757740469527,-0.01360116245572171
598,0.09529411764705886,-0.015454110401364907,-0.012656075518269083
599,0.09176470588235297,-0.016005835721026096,-0.014338780538152324
600,0.09058823529411764,-0.015613833890019801,-0.016603400874292462
601,0.10117647058823531,-0.015287900058381765,-0.011142459655933357
602,0.09529411764705881,-0.014352422228124384,-0.011344400705674329
603,0.09999999999999998,-0.01594449210990445,-0.019079657873410483
604,0.0929411764705882,-0.01539110223894391,-0.01831276718102648
605,0.09999999999999998,-0.014777445819467161,-0.010217044206600578
606,0.09411764705882353,-0.015130428609720137,-0.0135081917714647
607,0.09529411764705875,-0.01533783659736343,-0.015116342671938232
608,0.08823529411764708,-0.015333185645203362,-0.012193518252153646
609,0.09647058823529409,-0.015097553721557189,-0.016954109352993046
610,0.11294117647058821,-0.015656157554676198,-0.007883255675353779
611,0.10941176470588232,-0.01515081936313778,-0.009194477104113336
612,0.09529411764705886,-0.015587078675751376,-0.01326992015383005
613,0.09411764705882353,-0.015216911841201886,-0.01655909318601212
614,0.12235294117647066,-0.017097047012558764,-0.023696942190472137
615,0.11058823529411754,-0.015662595451613637,-0.007317482726390767
616,0.09411764705882353,-0.015830862005025592,-0.011136723899513368
617,0.10705882352941182,-0.015424907317538872,-0.01393555968471727
618,0.11176470588235299,-0.01561914576696033,-0.01239663672921254
619,0.11294117647058821,-0.01589749301439236,-0.014440500340202611
620,0.1047058823529411,-0.014639239104226598,-0.0119570868487818
621,0.08823529411764708,-0.01477901245598423,-0.014253151880806558
622,0.08705882352941174,-0.015366770415538245,-0.01844187639882358
623,0.1047058823529412,-0.015668690646812755,-0.016287012451815824
624,0.1082352941176471,-0.015978003444152566,-0.013294499946343574
625,0.10352941176470587,-0.015257521997167789,-0.008294535314770896
626,0.12235294117647066,-0.01617667253747379,-0.015632172218505075
627,0.10705882352941176,-0.015809222838133352,-0.01843581811159925
628,0.07882352941176463,-0.015130575481893782,-0.010175918794093408
629,0.10352941176470587,-0.015360944485990125,-0.019131704287919077
630,0.10352941176470587,-0.01608681124600231,-0.0124162274719537
631,0.10352941176470587,-0.015010605394859766,-0.015812513863681543
632,0.11411764705882355,-0.015974258203728886,-0.0201539098246567
633,0.10352941176470587,-0.015520129443342356,-0.014516640946514447
634,0.10941176470588232,-0.015568327994937792,-0.014513608085842317
635,0.08941176470588241,-0.016028037897916403,-0.013501348401714214
636,0.08823529411764708,-0.015755051484816485,-0.019612121938359206
637,0.10235294117647065,-0.016427897390203894,-0.018058517705892035
638,0.09529411764705886,-0.015006860154436197,-0.013269545892828555
639,0.09529411764705875,-0.015316662525687419,-0.015871572054505872
640,0.09411764705882353,-0.015415483019740939,-0.014532454316759924
641,0.10941176470588232,-0.015737989833997656,-0.010742440354386679
642,0.08705882352941186,-0.014978905484084537,-0.015291644044320762
643,0.11411764705882349,-0.015150280831835006,-0.020245598255882014
644,0.09882352941176464,-0.01607954107341536,-0.019182146062065225
645,0.11176470588235288,-0.01583282030067179,-0.015858271886209085
646,0.0894117647058823,-0.01588939056615546,-0.016050612691436733
647,0.1164705882352941,-0.015087958072890206,-0.019648726644576703
648,0.11529411764705882,-0.015004143019226701,-0.014541668806111518
649,0.08941176470588241,-0.015239628070699451,-0.01420017784370356
650,0.11647058823529421,-0.015649474870783053,-0.009837862469894626
651,0.1082352941176471,-0.015530753197223635,-0.020000303068786834
652,0.09529411764705875,-0.015495552832980652,-0.017153146126855034
653,0.09882352941176475,-0.014594222783056332,-0.010626630316747432
654,0.11529411764705877,-0.015188075937809353,-0.01778347679071407
655,0.11529411764705877,-0.015876318942716128,-0.017796323158124433
656,0.10117647058823531,-0.014895800312592855,-0.013018135184766882
657,0.09882352941176475,-0.015416266337999418,-0.016258449442566103
658,0.09411764705882353,-0.015261193801504702,-0.012128861939322888
659,0.1047058823529412,-0.01541352472409463,-0.010613259640782746
660,0.0894117647058823,-0.01615028450363931,-0.018268987907641726
661,0.09882352941176475,-0.015054495696033343,-0.008927950589115385
662,0.0894117647058823,-0.015404271777165524,-0.014712073250777918
663,0.09764705882352942,-0.014713580902700918,-0.004888230807406524
664,0.10117647058823531,-0.015143084095334824,-0.01679406755692736
665,0.07882352941176474,-0.01432623002385458,-0.006672610297815157
666,0.10352941176470587,-0.015012661605288469,-0.017157271492887594
667,0.11411764705882355,-0.01605959093651821,-0.013801639470101462
668,0.08823529411764708,-0.015212995249909156,-0.011070620099326467
669,0.11647058823529421,-0.015608399619601032,-0.019901128340476776
670,0.09411764705882353,-0.015734269072269713,-0.013729961023845827
671,0.10705882352941176,-0.01566766254159846,-0.011056754726003204
672,0.0929411764705882,-0.015017483908317475,-0.015985172679029935
673,0.09999999999999998,-0.01550037513600977,-0.007121608351496944
674,0.09529411764705886,-0.015907064184363717,-0.013909448540874614
675,0.1047058823529412,-0.015204305312978561,-0.011075348933818535
676,0.11882352941176466,-0.015757939970894808,-0.01760986683558846
677,0.10235294117647054,-0.015087566413760856,-0.015509662382656497
678,0.10588235294117643,-0.01686148852499947,-0.02466589139799452
679,0.09647058823529409,-0.015563579127995442,-0.0163539503470658
680,0.12117647058823522,-0.016369662573420762,-0.018650432484674434
681,0.09764705882352942,-0.015662154835093034,-0.013912659189593835
682,0.11176470588235288,-0.015789639881670037,-0.011277661421783769
683,0.0894117647058823,-0.01631338605228405,-0.018164012227283116
684,0.10941176470588243,-0.014918492063394906,-0.01133727369897991
685,0.10941176470588232,-0.015395949020668653,-0.008520847451310959
686,0.0894117647058823,-0.015460450383520064,-0.009817715282026573
687,0.10352941176470587,-0.016576825774108128,-0.018397954630139268
688,0.10941176470588243,-0.015891813957017775,-0.019137389504701396
689,0.08705882352941186,-0.01631238242576527,-0.019106511215413263
690,0.10117647058823531,-0.01565429717381228,-0.017432474703092227
691,0.08235294117647063,-0.015683402342856034,-0.010974359626939933
692,0.10352941176470587,-0.015766287206087304,-0.01630589797196405
693,0.12,-0.015705310775399384,-0.01762891386463586
694,0.10352941176470587,-0.016213415059538328,-0.018552182187088928
695,0.10352941176470587,-0.015124676116259228,-0.013927093171668542
696,0.11058823529411765,-0.01580912492335118,-0.01610717368904699
697,0.08235294117647052,-0.014403019691886731,-0.013767037837009055
698,0.10823529411764699,-0.01652901888164182,-0.011964838313852477
699,0.0964705882352942,-0.015658703339016422,-0.012615550435706585
700,0.08235294117647052,-0.0151845754843416,-0.011645686540487338
701,0.09176470588235286,-0.014151231829158228,-0.005486021955181858
702,0.10117647058823531,-0.01638035976338892,-0.014664487183032926
703,0.10823529411764704,-0.014918957158610913,-0.007102496247592599
704,0.0929411764705882,-0.015401334333695949,-0.017056958155682228
705,0.10941176470588243,-0.01536584022510612,-0.009147562661241782
706,0.10235294117647065,-0.015571069608842691,-0.009663476047355901
707,0.09529411764705875,-0.015829368804595068,-0.01858739719806407
708,0.0964705882352942,-0.015905717856106838,-0.02103347696893143
709,0.09411764705882353,-0.01636564806734575,-0.019278756552643245
710,0.07647058823529407,-0.015573076861880253,-0.013371832773066528
711,0.08588235294117652,-0.016065441344761733,-0.015215660357735888
712,0.10941176470588232,-0.014885861962187774,-0.00470634845019155
713,0.09529411764705875,-0.015317274493076738,-0.010745452883267032
714,0.0929411764705882,-0.014826158423669966,-0.019641396376390535
715,0.08588235294117641,-0.0155494549206463,-0.008637272000998647
716,0.09999999999999998,-0.016368854776466657,-0.014759430848271748
717,0.09999999999999998,-0.015738405971822522,-0.016233449729822602
718,0.10352941176470587,-0.016286606359320333,-0.01802413543905293
719,0.11529411764705877,-0.01525260177935639,-0.011256977696534692
720,0.09647058823529409,-0.015519713305517269,-0.009635821520307924
721,0.10000000000000003,-0.014987473027537335,-0.003096160003360715
722,0.10352941176470598,-0.015606759546997195,-0.017461675374992075
723,0.11529411764705877,-0.015643502069061732,-0.01786462867608868
724,0.08705882352941174,-0.015455285378752626,-0.013690404682920904
725,0.10235294117647054,-0.015611997987851178,-0.016461125133978904
726,0.09764705882352942,-0.015306405952239643,-0.007354311250509449
727,0.10941176470588232,-0.016073347963433626,-0.01558485873588572
728,0.09058823529411764,-0.014860771299218922,-0.01372317054313893
729,0.11058823529411765,-0.015758968076109103,-0.022888842617319854
730,0.11529411764705888,-0.015861093194065812,-0.019356803009415863
731,0.11058823529411765,-0.016373799472973682,-0.020521502730413144
732,0.128235294117647,-0.016068599096491276,-0.016511778331553678
733,0.11294117647058821,-0.01598020652675458,-0.01700506969562865
734,0.09764705882352936,-0.015021376020914579,-0.010256340410636444
735,0.10235294117647059,-0.014656594499392273,-0.01342627808038141
736,0.0964705882352942,-0.01613324733151611,-0.013615343066642166
737,0.08588235294117652,-0.015307336142671768,-0.014184479836578529
738,0.09176470588235297,-0.01471977401268243,-0.010146279734974117
739,0.12235294117647055,-0.0159974884858336,-0.009997489603045112
740,0.08588235294117641,-0.014547884612324813,-0.010677461126950505
741,0.10705882352941176,-0.01568572781893607,-0.011880329677164403
742,0.10588235294117654,-0.015111482099341877,-0.009249153339874833
743,0.1011764705882352,-0.01525355644848403,-0.00946363224029037
744,0.10235294117647065,-0.016059835723473914,-0.020540110427738012
745,0.11882352941176466,-0.016033496647030687,-0.01688708578551132
746,0.10705882352941176,-0.01516932525699577,-0.010628235582537143
747,0.09176470588235286,-0.01521989824206249,-0.0130679207338536
748,0.11411764705882355,-0.01456864254617607,-0.010841844678066148
749,0.0811764705882353,-0.01594919201945566,-0.01941206584679575
750,0.11176470588235299,-0.015758968076109214,-0.020358801220709294
751,0.11529411764705888,-0.01551954195464833,-0.014045276142508667
752,0.11764705882352933,-0.015048571851703163,-0.01243503215105804
753,0.10705882352941176,-0.01630511225317821,-0.010716155877018713
754,0.10117647058823531,-0.016106565553334673,-0.011701203920600367
755,0.10235294117647065,-0.015599391459627965,-0.012330147022742016
756,0.09529411764705886,-0.015162862881362815,-0.00938491860877061
757,0.09647058823529414,-0.014515181075030692,-0.012719370899582111
758,0.10235294117647065,-0.015734807603572376,-0.0213079912171254
759,0.09058823529411764,-0.014102176523217436,-0.007442397087708386
760,0.09647058823529409,-0.01504154646607192,-0.011276465181289719
761,0.09411764705882353,-0.015780998902130472,-0.01313253784996235
762,0.11058823529411765,-0.015730009779238885,-0.01639991795570586
763,0.11058823529411765,-0.015584165710977538,-0.010967432610909711
764,0.09882352941176475,-0.015304447656593223,-0.014447892327058842
765,0.09647058823529409,-0.015655276321635436,-0.010639830370773207
766,0.0929411764705882,-0.014756516534746855,-0.012966486187260817
767,0.09058823529411764,-0.014970264504545194,-0.014319374818784675
768,0.09647058823529409,-0.016222300826033598,-0.01821332833340314
769,0.09882352941176475,-0.016018858387074286,-0.01647667780546988
770,0.0964705882352942,-0.015927430459085734,-0.021396673066624988
771,0.1011764705882352,-0.015755394186554694,-0.01856270923622716
772,0.09764705882352942,-0.01600671695406697,-0.02633808346497213
773,0.12,-0.01560176589309914,-0.015332211949256436
774,0.08705882352941174,-0.014834040563646345,-0.011799282928342786
775,0.11411764705882355,-0.016276398743263698,-0.01936191554582406
776,0.10235294117647054,-0.01614134977975301,-0.016919985446841784
777,0.12235294117647055,-0.015415580934523221,-0.010339163297467951
778,0.10117647058823531,-0.015651800346863087,-0.009954033612971175
779,0.10235294117647054,-0.014970215547153942,-0.012364233801318458
780,0.10352941176470587,-0.015384492991137422,-0.014868768389279058
781,0.09882352941176475,-0.015792210144705887,-0.017843585070378698
782,0.08235294117647052,-0.015193803952574969,-0.019333999583501293
783,0.1047058823529412,-0.01644630536927938,-0.020233917742919716
784,0.09411764705882353,-0.015080859251172307,-0.01727803831871516
785,0.1082352941176471,-0.015307531972236221,-0.007405900480010136
786,0.10705882352941176,-0.015316246387862442,-0.012803521119107458
787,0.10941176470588232,-0.015142937223161401,-0.012220816941637874
788,0.10000000000000009,-0.01512477403104151,-0.012076796408335033
789,0.10588235294117654,-0.015486618109094352,-0.018220401132853586
790,0.09058823529411764,-0.01598277678979043,-0.01200183788056694
791,0.08705882352941174,-0.015525563713760793,-0.01785116902046821
792,0.08470588235294119,-0.015158701503114269,-0.009672594953546582
793,0.0964705882352942,-0.015544167522401175,-0.01677375253386512
794,0.08705882352941186,-0.016024439529666368,-0.013451465883803637
795,0.09058823529411764,-0.015279136685364403,-0.017584858843858908
796,0.0929411764705883,-0.015917981682592064,-0.017746804907427305
797,0.08941176470588241,-0.01594047760382944,-0.0158586898269496
798,0.11058823529411765,-0.01634547762218841,-0.017632850588601257
799,0.11764705882352944,-0.015955605437697362,-0.01621194665025502
800,0.10941176470588238,-0.014913792153843586,-0.012748841623683393
801,0.11529411764705877,-0.014490261762931222,-0.006735294292155136
802,0.11176470588235299,-0.016023656211407777,-0.016589516944186644
803,0.08941176470588241,-0.015121200141486768,-0.011501300153311689
804,0.09058823529411764,-0.015539002517633849,-0.012744421796173439
805,0.09764705882352942,-0.015805673427274347,-0.01696464845151957
806,0.08705882352941174,-0.015471098616096857,-0.013224316120012708
807,0.09764705882352942,-0.016019470354463827,-0.01742061509338319
808,0.09882352941176475,-0.01562624458867834,-0.014409341679497978
809,0.10941176470588243,-0.015215075939033373,-0.01668942148134911
810,0.10705882352941176,-0.015304814837026948,-0.005067617496928467
811,0.11294117647058821,-0.015963193833327005,-0.016977870815192198
812,0.10941176470588232,-0.01568638874371653,-0.010811470078003899
813,0.09999999999999998,-0.015361678846857574,-0.015906554191515043
814,0.10235294117647054,-0.015720634438831982,-0.01128356291247562
815,0.09411764705882353,-0.015174661612632034,-0.014822788813825094
816,0.11294117647058821,-0.016154494839279,-0.014335214940416757
817,0.0811764705882353,-0.015282979840570254,-0.008611308582615884
818,0.12117647058823533,-0.015232259983329999,-0.019591766237210817
819,0.11058823529411765,-0.014893964410424454,-0.01663797726459179
820,0.11882352941176477,-0.01604375322047835,-0.014596802040453882
821,0.08823529411764708,-0.016694445906366595,-0.017514328806004426
822,0.08235294117647063,-0.015203962611240462,-0.01000660667165626
823,0.08705882352941174,-0.015025733228727689,-0.0052650703819960565
824,0.10588235294117648,-0.014975576381485722,-0.016802326087270725
825,0.08941176470588241,-0.015360185646427271,-0.015433824695336329
826,0.0929411764705883,-0.01607518386560214,-0.02057199207351748
827,0.10352941176470587,-0.015607102248735294,-0.01096444466266186
828,0.09058823529411764,-0.016457394218376886,-0.014791009850483178
829,0.10823529411764699,-0.015981430461533663,-0.013285524560134182
830,0.1047058823529412,-0.015482407773454554,-0.01257624167471369
831,0.11411764705882343,-0.015479935425201097,-0.009873073936777665
832,0.09882352941176464,-0.0160154313696933,-0.016885761667766147
833,0.11764705882352944,-0.015943072345560805,-0.016815978579284574
834,0.09764705882352942,-0.015827532902426666,-0.018189564800173585
835,0.11176470588235299,-0.016224724216896025,-0.016229253949910066
836,0.09411764705882347,-0.01488549478175405,-0.01284112460504494
837,0.1164705882352941,-0.01628533346715022,-0.01809911420474411
838,0.10588235294117643,-0.016445007998413752,-0.019333893156153942
839,0.10000000000000009,-0.014966861965859612,-0.01606419341203047
840,0.1082352941176471,-0.016691214718550063,-0.017888273370730567
841,0.09764705882352942,-0.016520059679059784,-0.015819473045039556
842,0.11411764705882355,-0.016183134913106745,-0.016340913614343283
843,0.09764705882352942,-0.015597555557459564,-0.01738858395641041
844,0.09764705882352942,-0.016052027019584192,-0.01816786704430201
845,0.11882352941176477,-0.015603430444398492,-0.0175849394149028
846,0.10117647058823531,-0.01504076314781333,-0.014147687065127562
847,0.11176470588235299,-0.016217233736048664,-0.014806417542291977
848,0.10117647058823526,-0.015367211032058403,-0.009413424782076268
849,0.10705882352941176,-0.015164772219617983,-0.01199304041492516
850,0.1047058823529412,-0.015504267248606873,-0.012779255363067038
851,0.1047058823529412,-0.014690570928856284,-0.016365010553404863
852,0.1082352941176471,-0.016029947236171793,-0.018028572233444395
853,0.09882352941176464,-0.015939082318181308,-0.01668680796029881
854,0.1164705882352941,-0.0166360152600189,-0.013150791898349057
855,0.10117647058823531,-0.014850416810989087,-0.009178686638010747
856,0.09999999999999998,-0.014874503847439047,-0.01625626062329974
857,0.09411764705882353,-0.01653920201900283,-0.014212195432411728
858,0.11882352941176477,-0.015761636253927347,-0.020147449122642658
859,0.11764705882352944,-0.015049306212570501,-0.016088193038030524
860,0.09647058823529409,-0.01494982479373641,-0.01663666375409034
861,0.11411764705882355,-0.0159025845830727,-0.01850547588124879
862,0.09882352941176475,-0.015450977128330878,-0.018308223214530628
863,0.1047058823529412,-0.015940599997307348,-0.01686074004769339
864,0.1011764705882352,-0.015450414118332478,-0.016408941372907743
865,0.11411764705882355,-0.016380261848606636,-0.015042720283916233
866,0.09411764705882353,-0.014975723253659257,-0.018499120171213496
867,0.1082352941176471,-0.016096725117711985,-0.010539667700462052
868,0.08705882352941174,-0.015219261795977546,-0.008393955235315914
869,0.0964705882352942,-0.015250031516320539,-0.018681282861786136
870,0.10941176470588232,-0.01534907231863425,-0.010744840076251344
871,0.10588235294117648,-0.015726582761857677,-0.00791280235780148
872,0.10352941176470598,-0.016002139437993668,-0.020520519921208347
873,0.10588235294117654,-0.015719606333617575,-0.015437644395258077
874,0.10000000000000009,-0.01597810135893485,-0.01748919699190629
875,0.10352941176470587,-0.016034891932678597,-0.013942444908268264
876,0.10588235294117643,-0.015593296264428624,-0.012978559333417017
877,0.09764705882352942,-0.015234879203757101,-0.01204482195951212
878,0.09764705882352936,-0.015159215555721417,-0.007164584279724134
879,0.10588235294117654,-0.01499420466882162,-0.006330053695151744
880,0.09058823529411764,-0.015409363345845972,-0.015877236751140028
881,0.10117647058823531,-0.01589144677658416,-0.015523479908513216
882,0.10588235294117654,-0.01650676774736015,-0.016181149823442487
883,0.09176470588235297,-0.015227902775516888,-0.017542728407774266
884,0.08235294117647063,-0.014796588159410207,-0.011053891772082963
885,0.10117647058823531,-0.015893625380490772,-0.02078721372883005
886,0.08588235294117652,-0.014548765845365574,-0.00762742182811435
887,0.10705882352941176,-0.016330374267016,-0.01674903182521642
888,0.10588235294117643,-0.015946156661203803,-0.009356131046824229
889,0.08705882352941186,-0.015503630802521817,-0.013656637435129682
890,0.08235294117647063,-0.01567995084677931,-0.015183059002017663
891,0.09882352941176464,-0.015008475748344408,-0.019551050859910102
892,0.09647058823529409,-0.01587250026620579,-0.014634939260697616
893,0.11882352941176466,-0.014988574568838287,-0.006887585112005878
894,0.10588235294117654,-0.015888729641374888,-0.009508269726155705
895,0.1047058823529412,-0.016413650789376732,-0.02095840957862538
896,0.1047058823529411,-0.01715212407761213,-0.01436385226141304
897,0.09882352941176475,-0.015217401415113296,-0.017842281048960046
898,0.11058823529411765,-0.016286875624971775,-0.014719098786178247
899,0.10588235294117643,-0.015828095912425066,-0.013412869361295376
900,0.10235294117647054,-0.016424543808909453,-0.01704514804110774
901,0.11764705882352944,-0.015054128515599619,-0.011425060017512256
902,0.09529411764705886,-0.015788881042107072,-0.006889004806205967
903,0.09411764705882353,-0.015593663444862349,-0.012462106277472712
904,0.11176470588235299,-0.01580354378075899,-0.00933588893032461
905,0.10705882352941176,-0.015884005253128164,-0.01082758501411979
906,0.1047058823529411,-0.015428334334919969,-0.01505494935581303
907,0.10235294117647065,-0.01617471424182748,-0.01777087322871526
908,0.08588235294117652,-0.01572807596228798,-0.016842549294811993
909,0.09999999999999998,-0.015145458528805888,-0.01953802233335264
910,0.11647058823529421,-0.015451344308764381,-0.019881004971885274
911,0.10588235294117654,-0.015529749570704854,-0.00973517660272305
912,0.1082352941176471,-0.01560651476004149,-0.016230543118148616
913,0.10705882352941176,-0.01622127272081919,-0.009807394303023576
914,0.09882352941176475,-0.0153772472972461,-0.011213153378441698
915,0.10235294117647054,-0.015286113113604394,-0.011643498301151967
916,0.09999999999999998,-0.01611630807417541,-0.014535169662236225
917,0.10705882352941176,-0.015456900972660947,-0.002135967076625528
918,0.0811764705882353,-0.015794339791221246,-0.010611730730539753
919,0.09999999999999998,-0.014985612646673196,-0.01586281306628773
920,0.08823529411764708,-0.01541954648320698,-0.01849599476251515
921,0.10705882352941187,-0.015787534713850193,-0.011968063739072138
922,0.0964705882352942,-0.015428089547964152,-0.011142181047552463
923,0.09411764705882353,-0.015143671584028628,-0.009569310430351835
924,0.10235294117647054,-0.016313655317935383,-0.016651029886398994
925,0.09058823529411764,-0.01585311313930704,-0.009523551357057736
926,0.09764705882352942,-0.015759114948282638,-0.01245620357277924
927,0.10235294117647065,-0.016667005288622194,-0.01403513543569615
928,0.11529411764705882,-0.014908162053860474,-0.012535560399084739
929,0.11882352941176477,-0.015567422283201515,-0.015739338944866343
930,0.0964705882352942,-0.015589159364875815,-0.012495989019255888
931,0.12235294117647055,-0.01548862536213158,-0.017742845462975027
932,0.10470588235294115,-0.01520944583905004,-0.0173486095046331
933,0.09882352941176464,-0.015389682474600375,-0.013158988335774918
934,0.09647058823529409,-0.01583987016499866,-0.018893414923780993
935,0.10705882352941176,-0.015060174753407707,-0.014017718316093525
936,0.09999999999999998,-0.015647638968614763,-0.02203123169572252
937,0.10235294117647065,-0.01663584390914974,-0.018028065690294637
938,0.09176470588235297,-0.01471925996007517,-0.01434971440222002
939,0.08470588235294119,-0.015350173859935312,-0.018680733221633328
940,0.09882352941176475,-0.01527238056538438,-0.014375803059505227
941,0.10588235294117654,-0.016069504808227664,-0.012278706391555816
942,0.07058823529411762,-0.014902458517790484,-0.0063280746804871
943,0.09647058823529409,-0.015240435867653557,-0.011478901926402052
944,0.11882352941176477,-0.015491318018645561,-0.02224988470246997
945,0.08941176470588236,-0.01402266971997601,-0.017559359103462374
946,0.1082352941176471,-0.015184477569559318,-0.011663460461394104
947,0.09999999999999998,-0.01545107504311316,-0.014579645608188252
948,0.1047058823529412,-0.014795192873762186,-0.005749270226155151
949,0.10941176470588243,-0.015063479377310895,-0.016773339089784317
950,0.1047058823529412,-0.015531683387655648,-0.018788100412231806
951,0.10352941176470587,-0.01575032709656965,-0.017431954583419867
952,0.10941176470588232,-0.01682273874989737,-0.018132082273302236
953,0.10352941176470587,-0.01599205421541483,-0.017860287987347068
954,0.10352941176470598,-0.016248860210737126,-0.015906622512810137
955,0.12117647058823527,-0.015264963520623898,-0.01519377556267748
956,0.09058823529411764,-0.015577629899257928,-0.012545084265939949
957,0.10588235294117643,-0.016605392411848996,-0.014117296449802919
958,0.11529411764705882,-0.014212967099409113,-0.010901925098557447
959,0.09411764705882353,-0.015433719647947264,-0.015050099499865938
960,0.08235294117647052,-0.014957657976321759,-0.01420227254644521
961,0.09647058823529414,-0.015069060519902977,-0.007602268914004923
962,0.11058823529411765,-0.014455110356079381,-0.00933186250446097
963,0.1047058823529411,-0.015102718726324627,-0.016151647270025216
964,0.09411764705882353,-0.016067815778232797,-0.01959068267283165
965,0.0929411764705883,-0.015353135782100624,-0.007390340734927503
966,0.11411764705882355,-0.015404296255861039,-0.01818905501676843
967,0.10941176470588232,-0.015470560084794083,-0.012009481599709021
968,0.11529411764705888,-0.015613319837412432,-0.017908634691989833
969,0.09999999999999998,-0.015309661618751691,-0.009018465932681408
970,0.09647058823529414,-0.01493388916291416,-0.008533184398827304
971,0.13411764705882356,-0.016017903717946647,-0.016620407284747535
972,0.09999999999999998,-0.01523091365507312,-0.012247369332615776
973,0.08470588235294119,-0.015614054198279992,-0.015050532225247326
974,0.09411764705882353,-0.015518366977260611,-0.018272801227980445
975,0.10235294117647065,-0.016020865640111737,-0.016557292470728957
976,0.10588235294117643,-0.015253580927179433,-0.017867465517290793
977,0.08823529411764708,-0.01564692908644283,-0.009020684572459692
978,0.10941176470588243,-0.01559880397093405,-0.016606058836242277
979,0.08470588235294119,-0.014875948090478097,-0.020073161376407134
980,0.10235294117647065,-0.01463475950293558,-0.008750658760111163
981,0.09529411764705875,-0.01520922553078996,-0.014449919775197911
982,0.09647058823529409,-0.01568499345806862,-0.01485174640207454
983,0.09411764705882353,-0.016507771373879154,-0.01264217753307606
984,0.10705882352941176,-0.015028058704807723,-0.013774376652300857
985,0.11411764705882355,-0.015341753188656049,-0.016430985427731193
986,0.10117647058823531,-0.01470048480056596,-0.01061161107525077
987,0.10588235294117643,-0.015930539253424247,-0.014039756345660487
988,0.1047058823529411,-0.015466741408283857,-0.011604706454558994
989,0.10588235294117654,-0.016071169359527127,-0.01572635185963292
990,0.11058823529411765,-0.015993547415845355,-0.009340091929881611
991,0.10941176470588243,-0.016880630864942514,-0.022944126130897025
992,0.11294117647058821,-0.01536092000729461,-0.012717999359220467
993,0.0811764705882353,-0.01591169065782816,-0.017881733084644635
994,0.09176470588235297,-0.016019078695334366,-0.013882673717729915
995,0.09764705882352942,-0.01499660358098831,-0.013736113395794697
996,0.10235294117647065,-0.015634493909088443,-0.01115285600129029
997,0.08352941176470585,-0.016143161203225898,-0.018813651266127607
998,0.11176470588235293,-0.014442871008289782,-0.013932872547280484
999,0.07882352941176463,-0.015172629880898958,-0.012955336665731398
